customer_id,age,tenure,service_type,monthly_fee,lifetime_value,rfm_segment,rfm_score,churn_probability,risk_score,risk_tier,actual_churn
C1000,56,14,bundle,47.54,665.56,Potential,7,0.005,20.4,Low,0
C1001,69,63,tv,31.89,2009.07,Loyal,11,0.0,10.0,Low,0
C1002,46,27,tv,129.43,3494.61,Potential,8,0.005,17.8,Low,0
C1003,32,38,bundle,16.51,627.38,Loyal,9,0.0,15.0,Low,0
C1004,60,56,tv,96.76,5418.56,Champions,12,0.01,8.2,Low,0
C1005,25,16,mobile,88.68,1418.88,At Risk,5,0.01,25.7,Low,0
C1006,38,43,mobile,58.43,2512.49,Loyal,9,0.0,15.0,Low,0
C1007,56,24,mobile,54.13,1299.12,At Risk,5,0.0,25.0,Low,0
C1008,36,16,bundle,118.06,1888.96,Loyal,9,0.065,19.6,Low,0
C1009,40,12,tv,22.1,265.2,Hibernating,3,0.01,30.7,Low,0
C1010,28,24,tv,43.15,1035.6,At Risk,5,0.0,25.0,Low,0
C1011,28,67,internet,112.54,7540.18,Champions,14,0.015,3.6,Low,0
C1012,41,9,internet,86.76,780.84,Potential,6,0.07,27.4,Low,0
C1013,53,66,tv,27.92,1842.72,Loyal,11,0.0,10.0,Low,0
C1014,57,17,tv,133.5,2269.5,Potential,6,0.015,23.5,Low,0
C1015,41,33,tv,65.08,2147.64,Potential,8,0.0,17.5,Low,0
C1016,20,7,bundle,125.9,881.3,Potential,6,0.995,92.2,High,1
C1017,39,39,tv,120.28,4690.92,Loyal,9,0.01,15.7,Low,0
C1018,19,41,internet,97.42,3994.22,Loyal,11,0.015,11.0,Low,0
C1019,41,40,bundle,79.23,3169.2,Champions,12,0.0,7.5,Low,0
C1020,61,5,tv,147.14,735.7,At Risk,4,1.0,97.5,High,1
C1021,47,51,internet,30.3,1545.3,Loyal,10,0.0,12.5,Low,0
C1022,55,25,bundle,111.52,2788.0,Loyal,10,0.02,13.9,Low,0
C1023,19,63,tv,36.77,2316.51,Loyal,11,0.0,10.0,Low,0
C1024,38,58,tv,57.36,3326.88,Champions,12,0.0,7.5,Low,0
C1025,50,55,tv,53.22,2927.1,Loyal,11,0.0,10.0,Low,0
C1026,29,58,bundle,142.59,8270.22,Champions,15,0.0,0.0,Low,0
C1027,39,69,internet,145.43,10034.67,Champions,14,0.035,5.0,Low,0
C1028,61,32,internet,35.62,1139.84,Loyal,9,0.005,15.4,Low,0
C1029,42,52,mobile,13.08,680.16,Potential,7,0.0,20.0,Low,0
C1030,66,21,tv,110.8,2326.8,Potential,6,0.855,82.4,High,1
C1031,44,20,mobile,68.52,1370.4,At Risk,5,0.0,25.0,Low,0
C1032,59,69,mobile,22.44,1548.36,Loyal,10,0.005,12.8,Low,0
C1033,45,69,internet,105.73,7295.37,Champions,14,0.0,2.5,Low,0
C1034,33,3,bundle,86.31,258.93,At Risk,5,0.065,29.6,Low,0
C1035,32,61,bundle,147.27,8983.47,Champions,15,0.015,1.0,Low,0
C1036,64,61,internet,41.84,2552.24,Champions,12,0.0,7.5,Low,0
C1037,68,23,bundle,66.56,1530.88,Loyal,9,0.005,15.4,Low,0
C1038,61,54,mobile,85.96,4641.84,Loyal,11,0.01,10.7,Low,0
C1039,69,8,tv,120.84,966.72,At Risk,4,1.0,97.5,High,1
C1040,20,2,internet,86.84,173.68,Hibernating,3,0.88,91.6,High,1
C1041,54,30,tv,95.81,2874.3,Potential,8,0.0,17.5,Low,0
C1042,68,39,bundle,41.66,1624.74,Loyal,11,0.005,10.4,Low,0
C1043,24,35,tv,128.57,4499.95,Loyal,9,0.84,73.8,High,1
C1044,38,23,bundle,70.01,1610.23,Loyal,9,0.0,15.0,Low,0
C1045,26,5,bundle,29.73,148.65,At Risk,5,0.05,28.5,Low,0
C1046,56,65,mobile,102.99,6694.35,Champions,13,0.955,71.8,High,1
C1047,35,3,bundle,40.25,120.75,At Risk,5,0.06,29.2,Low,0
C1048,21,5,mobile,23.66,118.3,Hibernating,3,0.99,99.3,High,1
C1049,42,50,mobile,130.68,6534.0,Loyal,11,1.0,80.0,High,1
C1050,31,61,mobile,74.42,4539.62,Champions,12,0.0,7.5,Low,0
C1051,67,56,internet,114.9,6434.4,Champions,13,0.95,71.5,High,1
C1052,26,65,internet,50.68,3294.2,Champions,13,0.0,5.0,Low,0
C1053,43,7,bundle,120.18,841.26,Potential,6,0.965,90.0,High,1
C1054,19,25,mobile,25.67,641.75,At Risk,4,0.025,29.2,Low,0
C1055,37,50,internet,59.84,2992.0,Champions,12,0.0,7.5,Low,0
C1056,45,44,mobile,146.93,6464.92,Loyal,11,0.995,79.6,High,1
C1057,64,43,tv,121.16,5209.88,Loyal,11,0.935,75.4,High,1
C1058,24,4,tv,79.62,318.48,Hibernating,3,0.82,87.4,High,1
C1059,61,69,tv,57.57,3972.33,Champions,12,0.01,8.2,Low,0
C1060,25,25,bundle,132.1,3302.5,Loyal,11,0.01,10.7,Low,0
C1061,64,67,mobile,86.28,5780.76,Champions,13,0.01,5.7,Low,0
C1062,52,18,tv,116.18,2091.24,Potential,6,0.015,23.5,Low,0
C1063,31,19,internet,115.58,2196.02,Potential,8,0.055,21.3,Low,0
C1064,34,11,tv,12.51,137.61,Hibernating,3,0.105,37.4,Medium,0
C1065,53,46,tv,27.68,1273.28,Potential,8,0.0,17.5,Low,0
C1066,67,0,tv,102.35,0.0,Hibernating,3,0.98,98.6,High,1
C1067,57,13,bundle,32.63,424.19,Potential,6,0.0,22.5,Low,0
C1068,21,63,internet,45.77,2883.51,Champions,12,0.0,7.5,Low,0
C1069,19,37,mobile,142.53,5273.61,Loyal,10,0.985,81.4,High,1
C1070,23,36,internet,88.43,3183.48,Loyal,11,0.01,10.7,Low,0
C1071,59,10,mobile,115.1,1151.0,At Risk,4,0.995,97.2,High,1
C1072,21,2,bundle,88.12,176.24,Hibernating,3,0.905,93.4,High,1
C1073,46,32,bundle,87.35,2795.2,Loyal,11,0.0,10.0,Low,0
C1074,35,5,bundle,23.18,115.9,At Risk,5,0.015,26.0,Low,0
C1075,43,49,bundle,58.11,2847.39,Champions,12,0.0,7.5,Low,0
C1076,61,9,mobile,49.54,445.86,Hibernating,3,1.0,100.0,High,1
C1077,51,4,tv,64.7,258.8,Hibernating,3,0.18,42.6,Medium,0
C1078,27,22,mobile,121.77,2678.94,Potential,6,0.98,91.1,High,1
C1079,53,9,internet,62.07,558.63,At Risk,5,0.14,34.8,Low,0
C1080,31,43,bundle,73.24,3149.32,Champions,13,0.0,5.0,Low,0
C1081,48,1,bundle,65.63,65.63,Hibernating,3,0.025,31.8,Low,0
C1082,65,12,internet,23.08,276.96,At Risk,5,0.06,29.2,Low,0
C1083,32,39,mobile,71.75,2798.25,Potential,8,0.0,17.5,Low,0
C1084,25,1,tv,37.39,37.39,Hibernating,3,0.08,35.6,Medium,0
C1085,31,64,tv,36.14,2312.96,Loyal,11,0.0,10.0,Low,0
C1086,40,62,internet,23.17,1436.54,Loyal,11,0.0,10.0,Low,0
C1087,57,16,tv,59.93,958.88,At Risk,5,0.0,25.0,Low,0
C1088,38,8,mobile,116.05,928.4,At Risk,4,0.995,97.2,High,1
C1089,33,14,mobile,48.7,681.8,At Risk,4,0.0,27.5,Low,0
C1090,62,23,internet,53.73,1235.79,Potential,7,0.0,20.0,Low,0
C1091,35,37,mobile,99.97,3698.89,Loyal,9,0.12,23.4,Low,0
C1092,64,34,bundle,37.42,1272.28,Loyal,10,0.0,12.5,Low,0
C1093,41,48,internet,135.57,6507.36,Champions,13,0.005,5.4,Low,0
C1094,43,68,mobile,82.83,5632.44,Champions,13,0.0,5.0,Low,0
C1095,42,61,internet,72.66,4432.26,Champions,13,0.0,5.0,Low,0
C1096,62,59,tv,88.09,5197.31,Champions,13,0.01,5.7,Low,0
C1097,58,49,mobile,33.24,1628.76,Loyal,9,0.0,15.0,Low,0
C1098,46,8,bundle,95.89,767.12,Potential,7,0.09,26.3,Low,0
C1099,32,33,mobile,60.83,2007.39,Potential,8,0.0,17.5,Low,0
C1100,62,34,internet,135.61,4610.74,Loyal,11,0.93,75.1,High,1
C1101,18,0,internet,33.64,0.0,Hibernating,3,0.83,88.1,High,1
C1102,42,39,mobile,80.99,3158.61,Loyal,9,0.0,15.0,Low,0
C1103,24,63,bundle,93.74,5905.62,Champions,15,0.01,0.7,Low,0
C1104,26,21,bundle,14.67,308.07,Potential,8,0.0,17.5,Low,0
C1105,41,59,bundle,60.92,3594.28,Champions,14,0.0,2.5,Low,0
C1106,18,63,internet,112.57,7091.91,Champions,14,0.89,64.8,High,1
C1107,61,71,mobile,124.85,8864.35,Champions,13,0.975,73.2,High,1
C1108,25,10,tv,53.84,538.4,Hibernating,3,0.075,35.2,Medium,0
C1109,41,13,internet,121.8,1583.4,Potential,6,0.14,32.3,Low,0
C1110,28,59,bundle,145.49,8583.91,Champions,15,0.02,1.4,Low,0
C1111,68,29,mobile,129.96,3768.84,Loyal,9,0.995,84.6,High,1
C1112,34,34,bundle,26.47,899.98,Loyal,10,0.0,12.5,Low,0
C1113,25,36,tv,113.56,4088.16,Loyal,9,0.05,18.5,Low,0
C1114,52,4,bundle,54.75,219.0,At Risk,5,0.065,29.6,Low,0
C1115,52,25,bundle,148.38,3709.5,Loyal,11,0.055,13.8,Low,0
C1116,50,61,tv,77.95,4754.95,Champions,12,0.0,7.5,Low,0
C1117,22,3,mobile,27.14,81.42,Hibernating,3,0.99,99.3,High,1
C1118,59,41,internet,111.53,4572.73,Loyal,11,0.065,14.6,Low,0
C1119,56,17,mobile,55.22,938.74,At Risk,5,0.0,25.0,Low,0
C1120,58,39,tv,149.59,5834.01,Loyal,10,0.06,16.7,Low,0
C1121,45,71,bundle,147.17,10449.07,Champions,15,0.06,4.2,Low,0
C1122,24,38,mobile,101.86,3870.68,Loyal,9,0.955,81.8,High,1
C1123,26,13,internet,28.18,366.34,At Risk,5,0.005,25.4,Low,0
C1124,25,31,tv,106.16,3290.96,Loyal,9,0.03,17.1,Low,0
C1125,29,50,mobile,23.02,1151.0,Potential,8,0.0,17.5,Low,0
C1126,51,37,internet,14.11,522.07,Potential,8,0.0,17.5,Low,0
C1127,50,22,tv,125.21,2754.62,Potential,6,0.015,23.5,Low,0
C1128,65,62,internet,39.37,2440.94,Champions,12,0.0,7.5,Low,0
C1129,40,14,tv,63.06,882.84,At Risk,5,0.0,25.0,Low,0
C1130,41,24,bundle,146.28,3510.72,Loyal,11,0.005,10.4,Low,0
C1131,54,16,mobile,57.16,914.56,At Risk,5,0.0,25.0,Low,0
C1132,52,65,internet,51.51,3348.15,Champions,13,0.0,5.0,Low,0
C1133,61,52,tv,138.55,7204.6,Loyal,11,0.95,76.5,High,1
C1134,57,50,internet,25.5,1275.0,Loyal,10,0.0,12.5,Low,0
C1135,39,38,internet,116.34,4420.92,Loyal,11,0.005,10.4,Low,0
C1136,44,50,mobile,148.33,7416.5,Loyal,11,0.995,79.6,High,1
C1137,52,69,bundle,136.18,9396.42,Champions,15,0.015,1.0,Low,0
C1138,18,5,internet,101.23,506.15,At Risk,4,0.985,96.4,High,1
C1139,52,66,tv,53.97,3562.02,Champions,12,0.0,7.5,Low,0
C1140,54,6,tv,45.61,273.66,Hibernating,3,0.075,35.2,Medium,0
C1141,64,50,bundle,124.7,6235.0,Champions,14,0.975,70.8,High,1
C1142,31,71,tv,133.18,9455.78,Champions,13,0.02,6.4,Low,0
C1143,20,41,bundle,83.56,3425.96,Champions,12,0.0,7.5,Low,0
C1144,18,63,tv,44.21,2785.23,Loyal,11,0.005,10.4,Low,0
C1145,22,14,mobile,25.81,361.34,At Risk,4,0.02,28.9,Low,0
C1146,43,28,internet,22.21,621.88,Potential,7,0.0,20.0,Low,0
C1147,31,32,mobile,110.67,3541.44,Loyal,9,0.95,81.5,High,1
C1148,56,26,internet,68.82,1789.32,Loyal,9,0.0,15.0,Low,0
C1149,44,35,internet,136.75,4786.25,Loyal,11,0.02,11.4,Low,0
C1150,26,28,internet,113.55,3179.4,Loyal,10,0.02,13.9,Low,0
C1151,32,37,mobile,36.78,1360.86,Potential,7,0.0,20.0,Low,0
C1152,32,56,internet,95.93,5372.08,Champions,13,0.0,5.0,Low,0
C1153,43,26,mobile,70.97,1845.22,Potential,7,0.005,20.4,Low,0
C1154,59,54,bundle,90.81,4903.74,Champions,14,0.005,2.9,Low,0
C1155,30,32,tv,113.33,3626.56,Loyal,9,0.005,15.4,Low,0
C1156,68,67,tv,122.87,8232.29,Champions,13,0.95,71.5,High,1
C1157,49,65,internet,128.12,8327.8,Champions,14,0.01,3.2,Low,0
C1158,56,9,mobile,45.56,410.04,Hibernating,3,0.98,98.6,High,1
C1159,66,4,tv,14.36,57.44,Hibernating,3,0.875,91.2,High,1
C1160,69,37,mobile,113.5,4199.5,Loyal,9,0.98,83.6,High,1
C1161,49,12,mobile,24.89,298.68,Hibernating,3,0.01,30.7,Low,0
C1162,21,30,internet,54.09,1622.7,Loyal,9,0.0,15.0,Low,0
C1163,47,46,tv,10.53,484.38,Potential,7,0.0,20.0,Low,0
C1164,54,51,internet,105.43,5376.93,Champions,13,0.04,7.8,Low,0
C1165,40,55,internet,33.4,1837.0,Loyal,11,0.0,10.0,Low,0
C1166,56,14,tv,101.74,1424.36,At Risk,5,0.1,32.0,Low,0
C1167,62,28,tv,148.84,4167.52,Potential,8,0.925,82.2,High,1
C1168,32,7,bundle,20.17,141.19,At Risk,5,0.03,27.1,Low,0
C1169,60,4,bundle,20.79,83.16,At Risk,5,0.105,32.4,Low,0
C1170,46,28,mobile,57.65,1614.2,Potential,6,0.0,22.5,Low,0
C1171,53,46,tv,131.29,6039.34,Loyal,11,0.015,11.0,Low,0
C1172,30,67,bundle,40.17,2691.39,Champions,13,0.0,5.0,Low,0
C1173,49,44,mobile,60.45,2659.8,Loyal,9,0.0,15.0,Low,0
C1174,24,1,mobile,19.59,19.59,Hibernating,3,0.965,97.6,High,1
C1175,68,26,mobile,116.84,3037.84,Potential,8,0.99,86.8,High,1
C1176,39,35,bundle,67.16,2350.6,Loyal,11,0.0,10.0,Low,0
C1177,45,35,tv,116.29,4070.15,Loyal,9,0.015,16.0,Low,0
C1178,19,25,internet,136.51,3412.75,Loyal,10,0.84,71.3,High,1
C1179,59,42,mobile,42.59,1788.78,Potential,8,0.005,17.8,Low,0
C1180,62,26,bundle,123.04,3199.04,Loyal,11,0.955,76.8,High,1
C1181,23,68,bundle,18.27,1242.36,Champions,12,0.0,7.5,Low,0
C1182,45,19,internet,135.84,2580.96,Potential,8,0.06,21.7,Low,0
C1183,45,10,internet,101.11,1011.1,Potential,6,0.865,83.0,High,1
C1184,61,37,bundle,132.39,4898.43,Champions,13,0.93,70.1,High,1
C1185,61,5,tv,10.03,50.15,Hibernating,3,0.85,89.5,High,1
C1186,37,71,internet,33.67,2390.57,Champions,12,0.0,7.5,Low,0
C1187,47,22,bundle,64.57,1420.54,Loyal,9,0.0,15.0,Low,0
C1188,28,46,internet,63.13,2903.98,Loyal,11,0.0,10.0,Low,0
C1189,45,45,tv,41.74,1878.3,Loyal,9,0.0,15.0,Low,0
C1190,42,11,mobile,63.43,697.73,Hibernating,3,0.945,96.2,High,1
C1191,56,12,internet,28.04,336.48,At Risk,5,0.01,25.7,Low,0
C1192,50,61,tv,67.79,4135.19,Champions,12,0.0,7.5,Low,0
C1193,18,59,bundle,122.33,7217.47,Champions,15,0.895,62.6,High,1
C1194,44,42,internet,77.07,3236.94,Loyal,11,0.0,10.0,Low,0
C1195,69,67,internet,12.52,838.84,Loyal,11,0.0,10.0,Low,0
C1196,30,4,bundle,69.0,276.0,At Risk,5,0.05,28.5,Low,0
C1197,58,36,mobile,13.8,496.8,Potential,6,0.0,22.5,Low,0
C1198,20,71,bundle,145.27,10314.17,Champions,15,0.82,57.4,Medium,1
C1199,56,30,internet,27.84,835.2,Loyal,9,0.0,15.0,Low,0
C1200,23,8,bundle,109.08,872.64,Potential,7,0.96,87.2,High,1
C1201,25,50,tv,146.19,7309.5,Loyal,11,0.1,17.0,Low,0
C1202,44,28,bundle,125.65,3518.2,Loyal,11,0.0,10.0,Low,0
C1203,26,39,internet,107.9,4208.1,Loyal,11,0.075,15.2,Low,0
C1204,54,40,bundle,127.52,5100.8,Champions,13,0.01,5.7,Low,0
C1205,50,10,mobile,147.45,1474.5,At Risk,4,0.995,97.2,High,1
C1206,68,22,bundle,96.99,2133.78,Loyal,10,0.03,14.6,Low,0
C1207,59,0,mobile,88.29,0.0,Hibernating,3,0.97,97.9,High,1
C1208,61,45,tv,97.95,4407.75,Loyal,10,0.025,14.2,Low,0
C1209,41,20,mobile,84.57,1691.4,Potential,6,0.01,23.2,Low,0
C1210,32,35,bundle,98.91,3461.85,Champions,12,0.0,7.5,Low,0
C1211,49,53,internet,72.98,3867.94,Champions,12,0.0,7.5,Low,0
C1212,49,56,mobile,40.58,2272.48,Loyal,10,0.0,12.5,Low,0
C1213,41,0,tv,26.83,0.0,Hibernating,3,0.035,32.4,Low,0
C1214,58,62,mobile,19.57,1213.34,Loyal,10,0.0,12.5,Low,0
C1215,69,53,mobile,46.86,2483.58,Loyal,9,0.005,15.4,Low,0
C1216,66,54,mobile,16.46,888.84,Loyal,9,0.0,15.0,Low,0
C1217,66,39,tv,89.4,3486.6,Loyal,9,0.005,15.4,Low,0
C1218,69,14,bundle,49.74,696.36,Potential,7,0.01,20.7,Low,0
C1219,29,20,mobile,125.43,2508.6,Potential,6,0.995,92.2,High,1
C1220,56,46,mobile,20.39,937.94,Potential,8,0.0,17.5,Low,0
C1221,19,52,internet,41.69,2167.88,Loyal,11,0.0,10.0,Low,0
C1222,20,8,tv,112.23,897.84,At Risk,4,0.98,96.1,High,1
C1223,66,51,mobile,93.83,4785.33,Loyal,10,0.01,13.2,Low,0
C1224,54,56,tv,19.03,1065.68,Loyal,9,0.0,15.0,Low,0
C1225,66,25,mobile,132.81,3320.25,Potential,7,0.975,88.2,High,1
C1226,34,40,bundle,132.82,5312.8,Champions,13,0.035,7.4,Low,0
C1227,66,34,bundle,56.26,1912.84,Loyal,11,0.005,10.4,Low,0
C1228,19,62,mobile,57.66,3574.92,Champions,12,0.0,7.5,Low,0
C1229,19,24,bundle,148.46,3563.04,Loyal,11,0.885,71.9,High,1
C1230,45,37,mobile,97.66,3613.42,Loyal,9,0.015,16.0,Low,0
C1231,40,1,bundle,84.38,84.38,Hibernating,3,0.025,31.8,Low,0
C1232,54,6,internet,127.34,764.04,At Risk,5,0.97,92.9,High,1
C1233,49,33,internet,49.94,1648.02,Loyal,10,0.0,12.5,Low,0
C1234,50,16,internet,70.09,1121.44,Potential,7,0.0,20.0,Low,0
C1235,18,42,tv,47.49,1994.58,Loyal,9,0.005,15.4,Low,0
C1236,36,58,tv,120.48,6987.84,Champions,13,0.015,6.0,Low,0
C1237,19,50,internet,90.27,4513.5,Champions,12,0.025,9.2,Low,0
C1238,61,53,tv,102.24,5418.72,Loyal,11,0.94,75.8,High,1
C1239,43,23,bundle,45.32,1042.36,Loyal,9,0.0,15.0,Low,0
C1240,49,24,mobile,40.83,979.92,At Risk,5,0.0,25.0,Low,0
C1241,23,70,mobile,78.37,5485.9,Champions,13,0.005,5.4,Low,0
C1242,49,51,mobile,113.26,5776.26,Loyal,11,0.98,78.6,High,1
C1243,21,69,internet,83.53,5763.57,Champions,14,0.015,3.6,Low,0
C1244,28,32,tv,14.57,466.24,Potential,6,0.0,22.5,Low,0
C1245,34,48,bundle,131.6,6316.8,Champions,14,0.02,3.9,Low,0
C1246,55,28,bundle,19.06,533.68,Potential,8,0.0,17.5,Low,0
C1247,41,62,internet,143.82,8916.84,Champions,14,0.015,3.6,Low,0
C1248,22,21,bundle,13.52,283.92,Potential,8,0.01,18.2,Low,0
C1249,69,25,bundle,107.22,2680.5,Loyal,10,0.93,77.6,High,1
C1250,51,27,bundle,21.51,580.77,Potential,8,0.0,17.5,Low,0
C1251,23,48,bundle,137.49,6599.52,Champions,14,0.85,62.0,High,1
C1252,39,70,tv,75.02,5251.4,Champions,13,0.0,5.0,Low,0
C1253,28,48,bundle,29.25,1404.0,Loyal,11,0.0,10.0,Low,0
C1254,65,19,mobile,57.71,1096.49,At Risk,5,0.01,25.7,Low,0
C1255,33,62,internet,33.08,2050.96,Champions,12,0.0,7.5,Low,0
C1256,50,60,tv,33.88,2032.8,Loyal,11,0.0,10.0,Low,0
C1257,26,48,bundle,142.74,6851.52,Champions,14,0.025,4.3,Low,0
C1258,23,70,tv,72.33,5063.1,Champions,13,0.01,5.7,Low,0
C1259,33,0,bundle,120.43,0.0,Hibernating,3,0.915,94.0,High,1
C1260,46,12,mobile,99.54,1194.48,At Risk,4,0.105,34.8,Low,0
C1261,20,50,internet,104.7,5235.0,Champions,13,0.89,67.3,High,1
C1262,37,55,bundle,28.44,1564.2,Loyal,11,0.0,10.0,Low,0
C1263,53,61,bundle,42.79,2610.19,Champions,13,0.0,5.0,Low,0
C1264,36,31,bundle,120.15,3724.65,Champions,12,0.0,7.5,Low,0
C1265,43,29,bundle,145.91,4231.39,Champions,12,0.01,8.2,Low,0
C1266,20,28,internet,46.77,1309.56,Potential,8,0.0,17.5,Low,0
C1267,36,48,internet,48.02,2304.96,Loyal,11,0.0,10.0,Low,0
C1268,37,44,mobile,76.21,3353.24,Loyal,10,0.0,12.5,Low,0
C1269,49,29,internet,147.74,4284.46,Loyal,11,0.02,11.4,Low,0
C1270,24,15,bundle,47.65,714.75,Potential,8,0.01,18.2,Low,0
C1271,69,39,mobile,66.98,2612.22,Potential,8,0.005,17.8,Low,0
C1272,58,18,mobile,134.81,2426.58,Potential,6,0.995,92.2,High,1
C1273,50,17,mobile,10.41,176.97,At Risk,4,0.0,27.5,Low,0
C1274,57,0,bundle,15.57,0.0,Hibernating,3,0.035,32.4,Low,0
C1275,56,46,tv,94.57,4350.22,Loyal,10,0.0,12.5,Low,0
C1276,35,65,bundle,137.03,8906.95,Champions,15,0.005,0.4,Low,0
C1277,57,37,internet,43.44,1607.28,Loyal,9,0.0,15.0,Low,0
C1278,18,50,internet,75.75,3787.5,Champions,12,0.01,8.2,Low,0
C1279,28,62,bundle,73.07,4530.34,Champions,14,0.0,2.5,Low,0
C1280,45,3,bundle,76.22,228.66,At Risk,5,0.035,27.4,Low,0
C1281,42,0,mobile,97.15,0.0,Hibernating,3,0.975,98.2,High,1
C1282,67,7,bundle,75.76,530.32,At Risk,5,0.945,91.1,High,1
C1283,40,28,mobile,72.65,2034.2,Potential,7,0.005,20.4,Low,0
C1284,48,54,internet,76.4,4125.6,Champions,12,0.0,7.5,Low,0
C1285,47,2,mobile,92.72,185.44,Hibernating,3,0.965,97.6,High,1
C1286,59,31,bundle,85.18,2640.58,Loyal,11,0.0,10.0,Low,0
C1287,52,9,internet,129.58,1166.22,Potential,6,0.96,89.7,High,1
C1288,24,33,tv,16.93,558.69,Potential,6,0.0,22.5,Low,0
C1289,33,54,mobile,126.66,6839.64,Champions,12,1.0,77.5,High,1
C1290,43,31,internet,128.15,3972.65,Loyal,11,0.0,10.0,Low,0
C1291,65,49,mobile,49.89,2444.61,Loyal,9,0.0,15.0,Low,0
C1292,69,6,internet,74.8,448.8,At Risk,4,0.89,89.8,High,1
C1293,66,7,internet,71.4,499.8,At Risk,5,0.925,89.8,High,1
C1294,19,64,mobile,40.59,2597.76,Loyal,11,0.0,10.0,Low,0
C1295,18,56,tv,65.55,3670.8,Loyal,11,0.005,10.4,Low,0
C1296,65,66,internet,16.21,1069.86,Loyal,11,0.0,10.0,Low,0
C1297,29,58,internet,48.9,2836.2,Champions,12,0.0,7.5,Low,0
C1298,22,71,internet,124.34,8828.14,Champions,14,0.845,61.6,High,1
C1299,54,53,tv,49.84,2641.52,Loyal,9,0.0,15.0,Low,0
C1300,49,66,tv,124.55,8220.3,Champions,13,0.015,6.0,Low,0
C1301,26,50,bundle,84.42,4221.0,Champions,13,0.0,5.0,Low,0
C1302,58,7,mobile,133.18,932.26,At Risk,4,1.0,97.5,High,1
C1303,52,33,tv,90.47,2985.51,Loyal,9,0.0,15.0,Low,0
C1304,36,34,mobile,14.15,481.1,Potential,6,0.0,22.5,Low,0
C1305,65,31,bundle,104.56,3241.36,Champions,12,0.965,75.0,High,1
C1306,33,45,mobile,16.28,732.6,Potential,8,0.0,17.5,Low,0
C1307,20,15,tv,73.08,1096.2,At Risk,5,0.015,26.0,Low,0
C1308,37,67,mobile,140.12,9388.04,Champions,13,0.985,74.0,High,1
C1309,41,36,tv,33.13,1192.68,Potential,7,0.0,20.0,Low,0
C1310,50,53,mobile,64.58,3422.74,Loyal,10,0.0,12.5,Low,0
C1311,41,13,tv,112.18,1458.34,At Risk,4,0.1,34.5,Low,0
C1312,69,54,tv,133.52,7210.08,Champions,12,0.955,74.4,High,1
C1313,28,47,mobile,103.93,4884.71,Loyal,11,0.975,78.2,High,1
C1314,66,6,bundle,46.14,276.84,At Risk,5,0.88,86.6,High,1
C1315,25,6,internet,104.45,626.7,At Risk,4,0.935,93.0,High,1
C1316,53,32,bundle,51.54,1649.28,Loyal,11,0.0,10.0,Low,0
C1317,55,22,mobile,110.58,2432.76,Potential,6,0.98,91.1,High,1
C1318,57,18,bundle,143.56,2584.08,Loyal,10,0.01,13.2,Low,0
C1319,37,18,tv,111.0,1998.0,Potential,6,0.02,23.9,Low,0
C1320,52,35,internet,130.8,4578.0,Loyal,11,0.005,10.4,Low,0
C1321,65,28,mobile,10.29,288.12,At Risk,5,0.015,26.0,Low,0
C1322,42,59,mobile,110.46,6517.14,Champions,13,0.99,74.3,High,1
C1323,52,1,mobile,126.14,126.14,Hibernating,3,1.0,100.0,High,1
C1324,42,0,internet,15.68,0.0,Hibernating,3,0.08,35.6,Medium,0
C1325,46,46,tv,132.02,6072.92,Loyal,11,0.005,10.4,Low,0
C1326,35,68,mobile,45.94,3123.92,Champions,12,0.0,7.5,Low,0
C1327,63,19,bundle,103.14,1959.66,Loyal,10,0.93,77.6,High,1
C1328,35,10,mobile,122.05,1220.5,At Risk,4,1.0,97.5,High,1
C1329,19,1,mobile,102.77,102.77,Hibernating,3,1.0,100.0,High,1
C1330,52,66,mobile,22.92,1512.72,Loyal,10,0.0,12.5,Low,0
C1331,33,11,mobile,93.49,1028.39,At Risk,4,0.95,94.0,High,1
C1332,58,19,tv,86.94,1651.86,Potential,6,0.0,22.5,Low,0
C1333,53,4,bundle,136.04,544.16,At Risk,5,0.94,90.8,High,1
C1334,50,36,tv,66.59,2397.24,Potential,8,0.0,17.5,Low,0
C1335,21,37,bundle,54.95,2033.15,Loyal,11,0.0,10.0,Low,0
C1336,50,8,mobile,114.98,919.84,At Risk,4,1.0,97.5,High,1
C1337,31,52,internet,67.77,3524.04,Champions,12,0.0,7.5,Low,0
C1338,38,43,tv,100.45,4319.35,Loyal,10,0.035,15.0,Low,0
C1339,65,23,internet,100.5,2311.5,Potential,8,0.85,77.0,High,1
C1340,37,29,tv,134.33,3895.57,Loyal,9,0.06,19.2,Low,0
C1341,25,58,mobile,93.82,5441.56,Champions,13,0.01,5.7,Low,0
C1342,24,13,tv,80.3,1043.9,At Risk,4,0.025,29.2,Low,0
C1343,20,8,mobile,29.44,235.52,Hibernating,3,0.985,99.0,High,1
C1344,34,39,tv,26.2,1021.8,Potential,7,0.0,20.0,Low,0
C1345,50,65,mobile,31.61,2054.65,Loyal,11,0.0,10.0,Low,0
C1346,65,24,mobile,34.06,817.44,At Risk,5,0.01,25.7,Low,0
C1347,29,21,bundle,99.3,2085.3,Loyal,10,0.01,13.2,Low,0
C1348,68,3,mobile,113.74,341.22,Hibernating,3,1.0,100.0,High,1
C1349,39,25,bundle,84.2,2105.0,Loyal,10,0.0,12.5,Low,0
C1350,39,57,mobile,126.06,7185.42,Champions,12,0.985,76.4,High,1
C1351,63,28,internet,148.78,4165.84,Loyal,10,0.945,78.6,High,1
C1352,47,36,mobile,124.8,4492.8,Loyal,9,0.985,84.0,High,1
C1353,55,69,internet,107.28,7402.32,Champions,14,0.0,2.5,Low,0
C1354,55,17,internet,84.55,1437.35,Potential,7,0.0,20.0,Low,0
C1355,62,41,mobile,72.84,2986.44,Loyal,9,0.0,15.0,Low,0
C1356,68,40,internet,21.81,872.4,Loyal,9,0.0,15.0,Low,0
C1357,25,37,bundle,65.91,2438.67,Loyal,11,0.0,10.0,Low,0
C1358,44,33,tv,137.42,4534.86,Loyal,9,0.02,16.4,Low,0
C1359,44,16,mobile,123.12,1969.92,Potential,6,0.98,91.1,High,1
C1360,51,36,internet,40.25,1449.0,Loyal,9,0.0,15.0,Low,0
C1361,38,24,mobile,75.33,1807.92,Potential,6,0.0,22.5,Low,0
C1362,47,26,bundle,124.34,3232.84,Loyal,11,0.0,10.0,Low,0
C1363,50,56,mobile,19.43,1088.08,Loyal,9,0.0,15.0,Low,0
C1364,45,30,mobile,64.23,1926.9,Potential,8,0.005,17.8,Low,0
C1365,64,5,internet,129.26,646.3,At Risk,4,0.975,95.8,High,1
C1366,50,39,bundle,66.55,2595.45,Loyal,11,0.0,10.0,Low,0
C1367,22,11,tv,20.87,229.57,Hibernating,3,0.835,88.4,High,1
C1368,65,52,tv,85.95,4469.4,Loyal,10,0.0,12.5,Low,0
C1369,36,70,internet,130.64,9144.8,Champions,14,0.01,3.2,Low,0
C1370,21,9,mobile,92.64,833.76,At Risk,4,0.975,95.8,High,1
C1371,52,44,internet,41.68,1833.92,Loyal,11,0.0,10.0,Low,0
C1372,66,16,internet,63.79,1020.64,Potential,7,0.005,20.4,Low,0
C1373,34,25,internet,73.02,1825.5,Loyal,9,0.0,15.0,Low,0
C1374,61,61,mobile,91.1,5557.1,Champions,13,0.0,5.0,Low,0
C1375,45,45,bundle,116.31,5233.95,Champions,14,0.01,3.2,Low,0
C1376,47,63,internet,23.84,1501.92,Loyal,11,0.0,10.0,Low,0
C1377,46,1,mobile,134.55,134.55,Hibernating,3,1.0,100.0,High,1
C1378,63,53,bundle,11.72,621.16,Loyal,10,0.005,12.8,Low,0
C1379,23,64,internet,61.81,3955.84,Champions,13,0.005,5.4,Low,0
C1380,52,50,tv,13.84,692.0,Potential,7,0.005,20.4,Low,0
C1381,58,52,bundle,65.02,3381.04,Champions,13,0.0,5.0,Low,0
C1382,54,35,internet,83.61,2926.35,Loyal,11,0.0,10.0,Low,0
C1383,41,25,bundle,81.64,2041.0,Loyal,10,0.0,12.5,Low,0
C1384,46,28,bundle,33.19,929.32,Loyal,9,0.0,15.0,Low,0
C1385,66,20,bundle,100.4,2008.0,Loyal,10,0.875,73.8,High,1
C1386,63,10,bundle,16.27,162.7,Potential,6,0.81,79.2,High,1
C1387,48,39,bundle,116.67,4550.13,Champions,12,0.01,8.2,Low,0
C1388,52,10,bundle,142.53,1425.3,Potential,7,0.925,84.7,High,1
C1389,50,35,internet,57.57,2014.95,Loyal,10,0.0,12.5,Low,0
C1390,69,58,tv,82.41,4779.78,Champions,12,0.015,8.5,Low,0
C1391,38,38,mobile,63.05,2395.9,Potential,8,0.0,17.5,Low,0
C1392,49,53,bundle,10.94,579.82,Loyal,10,0.0,12.5,Low,0
C1393,40,54,mobile,64.02,3457.08,Loyal,11,0.005,10.4,Low,0
C1394,50,23,internet,120.84,2779.32,Potential,8,0.015,18.5,Low,0
C1395,20,21,bundle,93.44,1962.24,Loyal,10,0.01,13.2,Low,0
C1396,35,68,tv,24.18,1644.24,Loyal,11,0.0,10.0,Low,0
C1397,42,55,mobile,128.6,7073.0,Champions,12,1.0,77.5,High,1
C1398,59,32,bundle,84.35,2699.2,Loyal,11,0.0,10.0,Low,0
C1399,48,35,internet,127.84,4474.4,Loyal,11,0.0,10.0,Low,0
C1400,20,19,tv,91.23,1733.37,Potential,6,0.01,23.2,Low,0
C1401,57,61,mobile,88.36,5389.96,Champions,13,0.005,5.4,Low,0
C1402,63,25,mobile,24.74,618.5,At Risk,4,0.015,28.6,Low,0
C1403,41,65,bundle,33.43,2172.95,Champions,13,0.0,5.0,Low,0
C1404,67,39,tv,146.08,5697.12,Loyal,10,0.91,76.2,High,1
C1405,49,16,tv,41.99,671.84,At Risk,4,0.005,27.8,Low,0
C1406,64,0,tv,146.84,0.0,Hibernating,3,0.995,99.6,High,1
C1407,39,60,tv,84.47,5068.2,Champions,13,0.0,5.0,Low,0
C1408,40,42,internet,29.01,1218.42,Loyal,10,0.0,12.5,Low,0
C1409,19,41,tv,23.9,979.9,Potential,7,0.01,20.7,Low,0
C1410,44,24,mobile,39.24,941.76,At Risk,5,0.0,25.0,Low,0
C1411,59,38,mobile,139.59,5304.42,Loyal,10,0.98,81.1,High,1
C1412,19,34,internet,67.98,2311.32,Loyal,10,0.0,12.5,Low,0
C1413,43,2,mobile,65.36,130.72,Hibernating,3,0.97,97.9,High,1
C1414,34,43,mobile,53.85,2315.55,Loyal,9,0.0,15.0,Low,0
C1415,57,50,tv,30.59,1529.5,Potential,8,0.0,17.5,Low,0
C1416,50,11,mobile,78.3,861.3,At Risk,4,0.975,95.8,High,1
C1417,26,18,internet,28.21,507.78,Potential,6,0.0,22.5,Low,0
C1418,60,43,tv,126.97,5459.71,Loyal,11,0.195,23.6,Low,0
C1419,65,58,bundle,61.86,3587.88,Champions,14,0.02,3.9,Low,0
C1420,56,48,tv,62.47,2998.56,Loyal,10,0.0,12.5,Low,0
C1421,46,60,internet,76.36,4581.6,Champions,13,0.0,5.0,Low,0
C1422,59,16,tv,72.18,1154.88,At Risk,5,0.005,25.4,Low,0
C1423,43,56,tv,149.28,8359.68,Champions,12,0.045,10.6,Low,0
C1424,52,54,internet,86.35,4662.9,Champions,12,0.0,7.5,Low,0
C1425,67,46,tv,22.35,1028.1,Potential,8,0.0,17.5,Low,0
C1426,42,11,internet,94.96,1044.56,Potential,6,0.06,26.7,Low,0
C1427,41,61,internet,31.22,1904.42,Champions,12,0.0,7.5,Low,0
C1428,30,7,bundle,14.33,100.31,At Risk,5,0.03,27.1,Low,0
C1429,24,20,mobile,145.9,2918.0,Potential,6,0.985,91.4,High,1
C1430,53,69,mobile,118.3,8162.7,Champions,13,0.99,74.3,High,1
C1431,62,71,tv,147.22,10452.62,Champions,13,0.935,70.4,High,1
C1432,37,24,tv,76.9,1845.6,Potential,6,0.0,22.5,Low,0
C1433,18,11,bundle,84.52,929.72,Potential,7,0.735,71.4,High,1
C1434,25,14,bundle,33.57,469.98,Potential,7,0.0,20.0,Low,0
C1435,63,58,bundle,44.57,2585.06,Champions,13,0.0,5.0,Low,0
C1436,33,25,internet,127.4,3185.0,Loyal,10,0.015,13.6,Low,0
C1437,31,25,bundle,59.87,1496.75,Loyal,9,0.0,15.0,Low,0
C1438,29,46,bundle,125.75,5784.5,Champions,14,0.0,2.5,Low,0
C1439,68,31,tv,109.26,3387.06,Loyal,9,0.91,78.7,High,1
C1440,40,9,bundle,34.8,313.2,Potential,6,0.015,23.5,Low,0
C1441,32,15,internet,81.04,1215.6,Potential,7,0.0,20.0,Low,0
C1442,45,70,internet,104.83,7338.1,Champions,14,0.01,3.2,Low,0
C1443,51,16,tv,42.91,686.56,At Risk,4,0.005,27.8,Low,0
C1444,19,22,bundle,126.3,2778.6,Loyal,10,0.84,71.3,High,1
C1445,49,25,bundle,86.28,2157.0,Loyal,10,0.0,12.5,Low,0
C1446,40,6,internet,33.13,198.78,At Risk,4,0.07,32.4,Low,0
C1447,39,13,bundle,91.62,1191.06,Potential,7,0.0,20.0,Low,0
C1448,68,6,bundle,149.96,899.76,Potential,6,0.98,91.1,High,1
C1449,42,8,bundle,31.07,248.56,Potential,6,0.04,25.3,Low,0
C1450,39,47,mobile,124.35,5844.45,Loyal,11,1.0,80.0,High,1
C1451,39,71,tv,39.02,2770.42,Loyal,11,0.0,10.0,Low,0
C1452,66,58,mobile,119.53,6932.74,Champions,13,0.98,73.6,High,1
C1453,69,38,tv,112.84,4287.92,Loyal,9,0.94,80.8,High,1
C1454,59,17,internet,52.07,885.19,Potential,7,0.0,20.0,Low,0
C1455,23,58,bundle,55.62,3225.96,Champions,14,0.0,2.5,Low,0
C1456,32,16,tv,120.95,1935.2,Potential,6,0.055,26.3,Low,0
C1457,60,13,mobile,74.6,969.8,At Risk,4,0.01,28.2,Low,0
C1458,54,30,bundle,112.31,3369.3,Champions,12,0.0,7.5,Low,0
C1459,50,23,internet,30.72,706.56,Potential,7,0.0,20.0,Low,0
C1460,25,59,tv,129.36,7632.24,Champions,13,0.045,8.1,Low,0
C1461,61,44,tv,109.52,4818.88,Loyal,11,0.975,78.2,High,1
C1462,61,2,tv,136.97,273.94,Hibernating,3,0.99,99.3,High,1
C1463,22,36,bundle,28.53,1027.08,Loyal,10,0.0,12.5,Low,0
C1464,56,42,mobile,93.02,3906.84,Loyal,10,0.01,13.2,Low,0
C1465,21,39,mobile,93.88,3661.32,Loyal,9,0.015,16.0,Low,0
C1466,23,54,tv,59.48,3211.92,Loyal,11,0.0,10.0,Low,0
C1467,62,38,internet,74.19,2819.22,Loyal,10,0.0,12.5,Low,0
C1468,49,14,internet,15.32,214.48,Potential,6,0.0,22.5,Low,0
C1469,69,3,mobile,114.42,343.26,Hibernating,3,1.0,100.0,High,1
C1470,47,24,internet,86.91,2085.84,Potential,8,0.0,17.5,Low,0
C1471,64,12,mobile,18.08,216.96,Hibernating,3,0.04,32.8,Low,0
C1472,52,32,tv,105.31,3369.92,Loyal,9,0.015,16.0,Low,0
C1473,57,15,mobile,75.35,1130.25,At Risk,5,0.01,25.7,Low,0
C1474,69,41,mobile,14.82,607.62,Potential,6,0.005,22.8,Low,0
C1475,33,65,tv,145.75,9473.75,Champions,13,0.015,6.0,Low,0
C1476,30,54,internet,142.88,7715.52,Champions,13,0.01,5.7,Low,0
C1477,67,41,mobile,81.81,3354.21,Loyal,9,0.0,15.0,Low,0
C1478,59,33,mobile,23.11,762.63,Potential,7,0.005,20.4,Low,0
C1479,47,29,tv,115.65,3353.85,Loyal,9,0.01,15.7,Low,0
C1480,36,12,internet,78.87,946.44,Potential,6,0.01,23.2,Low,0
C1481,34,12,mobile,52.34,628.08,Hibernating,3,0.02,31.4,Low,0
C1482,36,17,tv,78.8,1339.6,At Risk,5,0.0,25.0,Low,0
C1483,45,31,mobile,83.14,2577.34,Potential,8,0.0,17.5,Low,0
C1484,43,38,bundle,88.78,3373.64,Champions,12,0.0,7.5,Low,0
C1485,54,45,tv,71.77,3229.65,Loyal,10,0.0,12.5,Low,0
C1486,43,28,internet,94.81,2654.68,Loyal,10,0.0,12.5,Low,0
C1487,40,61,internet,138.62,8455.82,Champions,14,0.01,3.2,Low,0
C1488,26,61,internet,60.72,3703.92,Champions,13,0.0,5.0,Low,0
C1489,29,56,internet,111.6,6249.6,Champions,13,0.03,7.1,Low,0
C1490,18,15,mobile,135.22,2028.3,Potential,6,0.985,91.4,High,1
C1491,18,55,mobile,73.84,4061.2,Loyal,11,0.005,10.4,Low,0
C1492,64,9,internet,72.08,648.72,At Risk,5,0.845,84.1,High,1
C1493,51,29,internet,94.3,2734.7,Loyal,10,0.0,12.5,Low,0
C1494,49,24,internet,92.8,2227.2,Potential,8,0.0,17.5,Low,0
C1495,65,4,mobile,122.92,491.68,Hibernating,3,1.0,100.0,High,1
C1496,42,64,internet,76.71,4909.44,Champions,14,0.0,2.5,Low,0
C1497,57,48,internet,149.46,7174.08,Champions,13,0.03,7.1,Low,0
C1498,62,2,bundle,18.33,36.66,At Risk,4,0.855,87.4,High,1
C1499,18,44,bundle,10.44,459.36,Loyal,10,0.02,13.9,Low,0
C1500,33,13,internet,99.63,1295.19,Potential,6,0.02,23.9,Low,0
C1501,56,29,tv,51.78,1501.62,Potential,7,0.0,20.0,Low,0
C1502,22,67,internet,43.65,2924.55,Champions,13,0.0,5.0,Low,0
C1503,39,17,bundle,53.67,912.39,Potential,8,0.005,17.8,Low,0
C1504,46,61,tv,45.85,2796.85,Loyal,11,0.0,10.0,Low,0
C1505,20,36,tv,14.31,515.16,Potential,6,0.01,23.2,Low,0
C1506,29,24,internet,146.01,3504.24,Loyal,10,0.035,15.0,Low,0
C1507,43,47,bundle,40.9,1922.3,Champions,12,0.0,7.5,Low,0
C1508,33,64,bundle,112.76,7216.64,Champions,15,0.03,2.1,Low,0
C1509,68,52,tv,116.76,6071.52,Loyal,11,0.97,77.9,High,1
C1510,54,14,internet,140.1,1961.4,Potential,8,0.075,22.7,Low,0
C1511,39,48,mobile,14.28,685.44,Potential,7,0.0,20.0,Low,0
C1512,46,67,mobile,132.09,8850.03,Champions,13,0.99,74.3,High,1
C1513,31,11,bundle,83.81,921.91,Potential,7,0.12,28.4,Low,0
C1514,45,58,mobile,98.56,5716.48,Champions,13,0.02,6.4,Low,0
C1515,22,36,bundle,100.23,3608.28,Champions,12,0.82,64.9,High,1
C1516,64,60,bundle,124.77,7486.2,Champions,15,0.92,64.4,High,1
C1517,66,42,bundle,56.68,2380.56,Champions,12,0.0,7.5,Low,0
C1518,47,69,mobile,112.63,7771.47,Champions,13,0.995,74.6,High,1
C1519,63,38,bundle,84.0,3192.0,Champions,12,0.015,8.5,Low,0
C1520,69,55,tv,121.08,6659.4,Champions,12,0.975,75.8,High,1
C1521,22,62,internet,148.68,9218.16,Champions,14,0.85,62.0,High,1
C1522,29,45,internet,38.09,1714.05,Loyal,11,0.0,10.0,Low,0
C1523,33,10,bundle,149.25,1492.5,Potential,7,0.885,81.9,High,1
C1524,43,61,internet,22.57,1376.77,Loyal,11,0.0,10.0,Low,0
C1525,43,24,mobile,10.32,247.68,At Risk,4,0.0,27.5,Low,0
C1526,65,70,mobile,16.18,1132.6,Loyal,10,0.0,12.5,Low,0
C1527,38,51,internet,57.85,2950.35,Champions,12,0.0,7.5,Low,0
C1528,56,3,mobile,98.61,295.83,Hibernating,3,0.97,97.9,High,1
C1529,53,58,internet,19.66,1140.28,Loyal,11,0.0,10.0,Low,0
C1530,50,71,internet,10.79,766.09,Loyal,11,0.0,10.0,Low,0
C1531,47,19,internet,141.19,2682.61,Potential,8,0.02,18.9,Low,0
C1532,54,62,bundle,125.07,7754.34,Champions,15,0.025,1.7,Low,0
C1533,40,53,internet,123.29,6534.37,Champions,13,0.025,6.7,Low,0
C1534,27,56,bundle,133.82,7493.92,Champions,14,0.005,2.9,Low,0
C1535,22,40,internet,108.0,4320.0,Loyal,11,0.895,72.6,High,1
C1536,53,2,internet,24.62,49.24,Hibernating,3,0.06,34.2,Low,0
C1537,51,5,internet,65.87,329.35,At Risk,4,0.1,34.5,Low,0
C1538,69,4,mobile,111.24,444.96,Hibernating,3,1.0,100.0,High,1
C1539,48,4,bundle,49.25,197.0,At Risk,5,0.065,29.6,Low,0
C1540,27,53,bundle,106.24,5630.72,Champions,14,0.005,2.9,Low,0
C1541,36,46,internet,13.43,617.78,Loyal,9,0.0,15.0,Low,0
C1542,49,48,internet,52.86,2537.28,Loyal,11,0.0,10.0,Low,0
C1543,18,8,mobile,86.88,695.04,Hibernating,3,0.99,99.3,High,1
C1544,22,19,mobile,98.49,1871.31,Potential,6,0.02,23.9,Low,0
C1545,62,60,mobile,90.79,5447.4,Champions,13,0.0,5.0,Low,0
C1546,21,34,bundle,107.69,3661.46,Champions,12,0.925,72.2,High,1
C1547,33,49,bundle,10.85,531.65,Loyal,10,0.0,12.5,Low,0
C1548,41,61,bundle,24.13,1471.93,Champions,12,0.0,7.5,Low,0
C1549,33,16,internet,131.65,2106.4,Potential,8,0.055,21.3,Low,0
C1550,19,2,bundle,105.44,210.88,At Risk,4,0.99,96.8,High,1
C1551,66,31,tv,25.81,800.11,Potential,7,0.0,20.0,Low,0
C1552,45,12,tv,127.89,1534.68,At Risk,4,0.135,36.9,Medium,0
C1553,49,67,mobile,43.91,2941.97,Champions,12,0.0,7.5,Low,0
C1554,44,13,bundle,76.96,1000.48,Potential,7,0.0,20.0,Low,0
C1555,37,10,tv,30.33,303.3,Hibernating,3,0.04,32.8,Low,0
C1556,41,55,mobile,109.42,6018.1,Champions,12,0.98,76.1,High,1
C1557,29,66,bundle,103.36,6821.76,Champions,15,0.02,1.4,Low,0
C1558,67,28,internet,39.56,1107.68,Loyal,9,0.0,15.0,Low,0
C1559,52,8,tv,130.88,1047.04,At Risk,4,0.975,95.8,High,1
C1560,50,66,internet,66.18,4367.88,Champions,13,0.0,5.0,Low,0
C1561,50,24,bundle,50.95,1222.8,Loyal,9,0.0,15.0,Low,0
C1562,68,41,tv,31.33,1284.53,Potential,7,0.0,20.0,Low,0
C1563,60,8,bundle,47.26,378.08,Potential,6,0.125,31.2,Low,0
C1564,54,39,internet,13.08,510.12,Potential,8,0.0,17.5,Low,0
C1565,29,24,tv,91.66,2199.84,Potential,6,0.0,22.5,Low,0
C1566,20,4,internet,127.91,511.64,Hibernating,3,0.985,99.0,High,1
C1567,18,10,bundle,86.86,868.6,Potential,7,0.74,71.8,High,1
C1568,50,58,bundle,40.7,2360.6,Champions,13,0.0,5.0,Low,0
C1569,57,37,internet,14.71,544.27,Potential,8,0.0,17.5,Low,0
C1570,27,71,tv,40.05,2843.55,Loyal,11,0.0,10.0,Low,0
C1571,60,4,internet,68.26,273.04,Hibernating,3,0.17,41.9,Medium,0
C1572,61,47,bundle,116.35,5468.45,Champions,14,0.96,69.7,High,1
C1573,46,17,internet,36.3,617.1,Potential,6,0.0,22.5,Low,0
C1574,30,69,bundle,110.77,7643.13,Champions,15,0.0,0.0,Low,0
C1575,29,36,internet,131.37,4729.32,Loyal,11,0.005,10.4,Low,0
C1576,48,59,tv,73.55,4339.45,Champions,12,0.0,7.5,Low,0
C1577,63,47,tv,125.0,5875.0,Loyal,11,0.97,77.9,High,1
C1578,19,27,internet,87.65,2366.55,Loyal,9,0.005,15.4,Low,0
C1579,68,68,internet,99.19,6744.92,Champions,14,0.105,9.8,Low,0
C1580,67,39,tv,83.68,3263.52,Loyal,9,0.005,15.4,Low,0
C1581,52,44,bundle,74.84,3292.96,Champions,13,0.0,5.0,Low,0
C1582,40,61,tv,42.85,2613.85,Loyal,11,0.0,10.0,Low,0
C1583,34,57,bundle,52.45,2989.65,Champions,13,0.0,5.0,Low,0
C1584,43,66,internet,50.6,3339.6,Champions,13,0.0,5.0,Low,0
C1585,25,55,internet,88.86,4887.3,Champions,13,0.005,5.4,Low,0
C1586,46,39,bundle,26.79,1044.81,Loyal,10,0.0,12.5,Low,0
C1587,43,39,internet,138.35,5395.65,Champions,12,0.005,7.8,Low,0
C1588,27,32,bundle,110.89,3548.48,Champions,12,0.02,8.9,Low,0
C1589,43,5,mobile,66.2,331.0,Hibernating,3,0.99,99.3,High,1
C1590,51,18,tv,32.21,579.78,At Risk,4,0.0,27.5,Low,0
C1591,68,39,mobile,133.48,5205.72,Loyal,10,1.0,82.5,High,1
C1592,58,58,bundle,125.33,7269.14,Champions,15,0.03,2.1,Low,0
C1593,24,58,tv,111.04,6440.32,Champions,13,0.82,62.4,High,1
C1594,21,47,bundle,48.02,2256.94,Champions,12,0.005,7.8,Low,0
C1595,67,40,tv,66.34,2653.6,Potential,8,0.005,17.8,Low,0
C1596,62,12,tv,24.38,292.56,Hibernating,3,0.02,31.4,Low,0
C1597,28,44,tv,36.47,1604.68,Potential,8,0.0,17.5,Low,0
C1598,46,52,tv,119.62,6220.24,Loyal,11,0.025,11.8,Low,0
C1599,53,41,bundle,110.11,4514.51,Champions,12,0.015,8.5,Low,0
C1600,42,62,tv,93.09,5771.58,Champions,13,0.0,5.0,Low,0
C1601,38,26,tv,135.4,3520.4,Potential,8,0.01,18.2,Low,0
C1602,53,37,mobile,91.66,3391.42,Loyal,9,0.005,15.4,Low,0
C1603,27,59,internet,75.38,4447.42,Champions,13,0.0,5.0,Low,0
C1604,54,6,internet,57.65,345.9,At Risk,4,0.08,33.1,Low,0
C1605,26,4,mobile,141.66,566.64,Hibernating,3,1.0,100.0,High,1
C1606,41,44,mobile,21.58,949.52,Potential,8,0.0,17.5,Low,0
C1607,52,57,bundle,140.32,7998.24,Champions,14,0.005,2.9,Low,0
C1608,66,30,bundle,125.74,3772.2,Champions,12,0.985,76.4,High,1
C1609,52,22,bundle,28.19,620.18,Potential,8,0.0,17.5,Low,0
C1610,65,41,mobile,89.1,3653.1,Loyal,9,0.005,15.4,Low,0
C1611,53,9,mobile,131.32,1181.88,At Risk,4,1.0,97.5,High,1
C1612,35,31,tv,90.05,2791.55,Potential,8,0.0,17.5,Low,0
C1613,66,52,bundle,137.01,7124.52,Champions,14,0.965,70.0,High,1
C1614,56,29,bundle,142.02,4118.58,Champions,12,0.01,8.2,Low,0
C1615,49,38,bundle,69.13,2626.94,Loyal,11,0.0,10.0,Low,0
C1616,41,30,internet,62.82,1884.6,Loyal,10,0.0,12.5,Low,0
C1617,40,1,tv,141.08,141.08,Hibernating,3,0.975,98.2,High,1
C1618,49,11,bundle,104.52,1149.72,Potential,7,0.87,80.9,High,1
C1619,54,38,bundle,26.24,997.12,Loyal,10,0.0,12.5,Low,0
C1620,29,65,bundle,15.92,1034.8,Champions,12,0.0,7.5,Low,0
C1621,66,12,internet,89.05,1068.6,Potential,6,0.01,23.2,Low,0
C1622,30,45,internet,140.22,6309.9,Champions,13,0.0,5.0,Low,0
C1623,40,26,mobile,128.19,3332.94,Potential,8,0.955,84.4,High,1
C1624,42,16,tv,104.62,1673.92,Potential,6,0.045,25.6,Low,0
C1625,52,59,mobile,29.48,1739.32,Loyal,11,0.0,10.0,Low,0
C1626,58,63,tv,45.59,2872.17,Loyal,11,0.0,10.0,Low,0
C1627,47,34,internet,132.57,4507.38,Loyal,11,0.01,10.7,Low,0
C1628,34,69,bundle,35.59,2455.71,Champions,13,0.0,5.0,Low,0
C1629,66,29,mobile,48.98,1420.42,Potential,7,0.005,20.4,Low,0
C1630,37,70,bundle,28.14,1969.8,Champions,13,0.0,5.0,Low,0
C1631,65,62,mobile,104.66,6488.92,Champions,13,0.975,73.2,High,1
C1632,42,27,internet,142.16,3838.32,Loyal,10,0.03,14.6,Low,0
C1633,39,59,internet,47.66,2811.94,Champions,12,0.0,7.5,Low,0
C1634,30,36,internet,76.56,2756.16,Loyal,10,0.0,12.5,Low,0
C1635,36,21,mobile,98.81,2075.01,Potential,6,0.035,24.9,Low,0
C1636,66,67,tv,149.93,10045.31,Champions,13,0.96,72.2,High,1
C1637,53,19,mobile,24.67,468.73,At Risk,4,0.01,28.2,Low,0
C1638,29,67,tv,79.8,5346.6,Champions,13,0.0,5.0,Low,0
C1639,58,63,mobile,63.92,4026.96,Champions,12,0.005,7.8,Low,0
C1640,36,16,mobile,131.21,2099.36,Potential,6,0.99,91.8,High,1
C1641,29,11,internet,76.64,843.04,Potential,6,0.05,26.0,Low,0
C1642,26,21,bundle,25.54,536.34,Potential,8,0.0,17.5,Low,0
C1643,24,16,bundle,98.82,1581.12,Potential,8,0.015,18.5,Low,0
C1644,45,9,tv,117.91,1061.19,At Risk,4,0.965,95.0,High,1
C1645,31,64,bundle,10.4,665.6,Loyal,11,0.0,10.0,Low,0
C1646,48,21,mobile,130.25,2735.25,Potential,6,0.99,91.8,High,1
C1647,69,49,mobile,36.04,1765.96,Loyal,9,0.0,15.0,Low,0
C1648,36,13,internet,87.29,1134.77,Potential,6,0.0,22.5,Low,0
C1649,64,63,internet,68.21,4297.23,Champions,13,0.0,5.0,Low,0
C1650,33,46,bundle,110.75,5094.5,Champions,14,0.005,2.9,Low,0
C1651,22,28,tv,61.96,1734.88,Potential,8,0.0,17.5,Low,0
C1652,52,35,bundle,131.77,4611.95,Champions,12,0.04,10.3,Low,0
C1653,29,51,bundle,112.27,5725.77,Champions,14,0.005,2.9,Low,0
C1654,42,6,bundle,100.68,604.08,At Risk,5,0.895,87.6,High,1
C1655,69,28,bundle,121.47,3401.16,Champions,12,0.98,76.1,High,1
C1656,38,10,mobile,115.56,1155.6,At Risk,4,1.0,97.5,High,1
C1657,53,32,tv,15.03,480.96,Potential,6,0.0,22.5,Low,0
C1658,40,5,mobile,65.26,326.3,Hibernating,3,0.99,99.3,High,1
C1659,33,31,tv,140.31,4349.61,Loyal,9,0.005,15.4,Low,0
C1660,56,50,internet,27.6,1380.0,Loyal,10,0.0,12.5,Low,0
C1661,62,57,bundle,113.19,6451.83,Champions,14,0.98,71.1,High,1
C1662,59,25,mobile,146.44,3661.0,Potential,7,0.985,88.9,High,1
C1663,56,45,tv,17.31,778.95,Potential,8,0.0,17.5,Low,0
C1664,31,28,internet,105.51,2954.28,Loyal,11,0.015,11.0,Low,0
C1665,48,3,internet,75.54,226.62,Hibernating,3,0.075,35.2,Medium,0
C1666,22,12,bundle,91.08,1092.96,Potential,7,0.035,22.4,Low,0
C1667,52,38,tv,21.95,834.1,Potential,7,0.0,20.0,Low,0
C1668,40,14,mobile,16.02,224.28,At Risk,4,0.005,27.8,Low,0
C1669,46,28,bundle,103.36,2894.08,Loyal,11,0.045,13.2,Low,0
C1670,60,28,mobile,125.26,3507.28,Loyal,9,0.985,84.0,High,1
C1671,28,31,internet,119.48,3703.88,Loyal,11,0.005,10.4,Low,0
C1672,35,1,mobile,86.13,86.13,Hibernating,3,0.935,95.4,High,1
C1673,64,46,mobile,23.98,1103.08,Potential,8,0.0,17.5,Low,0
C1674,29,21,bundle,106.33,2232.93,Loyal,10,0.045,15.6,Low,0
C1675,26,26,mobile,43.86,1140.36,Potential,6,0.0,22.5,Low,0
C1676,27,66,bundle,137.55,9078.3,Champions,15,0.015,1.0,Low,0
C1677,61,55,internet,127.36,7004.8,Champions,13,0.915,69.0,High,1
C1678,34,20,bundle,109.31,2186.2,Loyal,10,0.035,15.0,Low,0
C1679,55,46,bundle,142.84,6570.64,Champions,14,0.01,3.2,Low,0
C1680,24,58,tv,14.4,835.2,Loyal,10,0.0,12.5,Low,0
C1681,63,5,mobile,113.07,565.35,Hibernating,3,1.0,100.0,High,1
C1682,30,18,internet,56.23,1012.14,Potential,7,0.0,20.0,Low,0
C1683,57,56,bundle,136.85,7663.6,Champions,14,0.005,2.9,Low,0
C1684,59,68,internet,47.33,3218.44,Champions,13,0.0,5.0,Low,0
C1685,26,2,tv,111.48,222.96,Hibernating,3,0.925,94.8,High,1
C1686,67,0,mobile,132.87,0.0,Hibernating,3,1.0,100.0,High,1
C1687,44,57,bundle,15.83,902.31,Loyal,11,0.0,10.0,Low,0
C1688,19,37,mobile,65.67,2429.79,Potential,8,0.005,17.8,Low,0
C1689,22,14,tv,116.72,1634.08,Potential,6,0.795,78.1,High,1
C1690,46,33,tv,73.69,2431.77,Potential,8,0.0,17.5,Low,0
C1691,54,60,internet,47.42,2845.2,Champions,12,0.0,7.5,Low,0
C1692,55,34,bundle,40.77,1386.18,Loyal,10,0.0,12.5,Low,0
C1693,36,63,internet,28.41,1789.83,Champions,12,0.0,7.5,Low,0
C1694,25,24,tv,130.0,3120.0,Potential,7,0.025,21.8,Low,0
C1695,65,23,mobile,90.55,2082.65,Potential,6,0.005,22.8,Low,0
C1696,62,11,internet,20.69,227.59,At Risk,5,0.77,78.9,High,1
C1697,18,17,internet,63.56,1080.52,Potential,7,0.045,23.2,Low,0
C1698,39,14,mobile,61.48,860.72,At Risk,5,0.0,25.0,Low,0
C1699,69,26,internet,35.44,921.44,Potential,8,0.005,17.8,Low,0
C1700,34,71,mobile,70.97,5038.87,Champions,13,0.0,5.0,Low,0
C1701,24,59,bundle,56.49,3332.91,Champions,14,0.0,2.5,Low,0
C1702,42,45,mobile,57.85,2603.25,Loyal,9,0.0,15.0,Low,0
C1703,62,16,bundle,113.46,1815.36,Loyal,9,0.91,78.7,High,1
C1704,21,52,mobile,41.26,2145.52,Loyal,9,0.0,15.0,Low,0
C1705,53,7,tv,99.86,699.02,At Risk,4,0.3,48.5,Medium,0
C1706,23,26,tv,89.89,2337.14,Potential,7,0.0,20.0,Low,0
C1707,48,45,bundle,89.53,4028.85,Champions,13,0.0,5.0,Low,0
C1708,36,49,bundle,102.82,5038.18,Champions,14,0.025,4.3,Low,0
C1709,61,70,tv,86.77,6073.9,Champions,13,0.01,5.7,Low,0
C1710,56,2,bundle,133.1,266.2,At Risk,4,0.925,92.2,High,1
C1711,44,63,mobile,104.58,6588.54,Champions,13,0.995,74.6,High,1
C1712,27,43,mobile,86.57,3722.51,Loyal,10,0.0,12.5,Low,0
C1713,43,52,tv,126.17,6560.84,Loyal,11,0.035,12.4,Low,0
C1714,36,23,internet,94.86,2181.78,Potential,8,0.0,17.5,Low,0
C1715,56,59,mobile,50.76,2994.84,Champions,12,0.0,7.5,Low,0
C1716,20,2,bundle,38.99,77.98,At Risk,4,0.915,91.6,High,1
C1717,62,19,internet,31.33,595.27,Potential,6,0.005,22.8,Low,0
C1718,30,45,internet,135.92,6116.4,Champions,13,0.005,5.4,Low,0
C1719,67,14,mobile,109.42,1531.88,At Risk,5,0.95,91.5,High,1
C1720,45,24,mobile,141.23,3389.52,Potential,7,0.96,87.2,High,1
C1721,37,70,internet,94.46,6612.2,Champions,14,0.0,2.5,Low,0
C1722,45,16,internet,76.28,1220.48,Potential,7,0.0,20.0,Low,0
C1723,25,8,tv,18.36,146.88,Hibernating,3,0.11,37.7,Medium,0
C1724,58,37,bundle,104.03,3849.11,Champions,12,0.055,11.4,Low,0
C1725,56,47,tv,91.51,4300.97,Loyal,10,0.0,12.5,Low,0
C1726,18,59,mobile,148.63,8769.17,Champions,13,0.995,74.6,High,1
C1727,20,62,tv,43.48,2695.76,Loyal,11,0.0,10.0,Low,0
C1728,30,1,tv,84.3,84.3,Hibernating,3,0.105,37.4,Medium,0
C1729,45,71,tv,101.13,7180.23,Champions,13,0.025,6.7,Low,0
C1730,66,10,tv,100.24,1002.4,At Risk,4,0.905,90.8,High,1
C1731,42,63,bundle,88.58,5580.54,Champions,15,0.0,0.0,Low,0
C1732,50,71,bundle,118.77,8432.67,Champions,15,0.04,2.8,Low,0
C1733,55,20,internet,38.7,774.0,Potential,7,0.005,20.4,Low,0
C1734,23,17,mobile,111.59,1897.03,Potential,6,0.97,90.4,High,1
C1735,61,63,tv,96.76,6095.88,Champions,13,0.03,7.1,Low,0
C1736,62,37,internet,135.45,5011.65,Champions,12,0.93,72.6,High,1
C1737,49,31,internet,128.61,3986.91,Loyal,11,0.0,10.0,Low,0
C1738,62,10,internet,54.12,541.2,At Risk,5,0.89,87.3,High,1
C1739,64,44,bundle,48.67,2141.48,Champions,12,0.0,7.5,Low,0
C1740,38,32,tv,147.43,4717.76,Loyal,9,0.005,15.4,Low,0
C1741,33,40,tv,83.82,3352.8,Loyal,9,0.0,15.0,Low,0
C1742,38,7,mobile,136.9,958.3,At Risk,4,1.0,97.5,High,1
C1743,28,10,tv,32.94,329.4,Hibernating,3,0.025,31.8,Low,0
C1744,54,50,tv,99.99,4999.5,Loyal,11,0.02,11.4,Low,0
C1745,53,40,internet,123.38,4935.2,Champions,12,0.015,8.5,Low,0
C1746,52,16,mobile,142.64,2282.24,Potential,6,0.995,92.2,High,1
C1747,36,45,tv,57.23,2575.35,Loyal,9,0.0,15.0,Low,0
C1748,37,31,bundle,111.5,3456.5,Champions,12,0.005,7.8,Low,0
C1749,35,53,tv,85.43,4527.79,Loyal,10,0.0,12.5,Low,0
C1750,64,19,internet,18.49,351.31,Potential,6,0.01,23.2,Low,0
C1751,58,32,bundle,106.6,3411.2,Champions,12,0.025,9.2,Low,0
C1752,66,39,internet,106.61,4157.79,Loyal,11,0.945,76.1,High,1
C1753,31,31,tv,140.28,4348.68,Loyal,9,0.005,15.4,Low,0
C1754,32,1,bundle,79.62,79.62,Hibernating,3,0.05,33.5,Low,0
C1755,48,32,mobile,42.24,1351.68,Potential,7,0.0,20.0,Low,0
C1756,18,29,mobile,16.24,470.96,Potential,6,0.01,23.2,Low,0
C1757,20,32,bundle,68.19,2182.08,Loyal,11,0.0,10.0,Low,0
C1758,33,25,bundle,52.27,1306.75,Loyal,9,0.0,15.0,Low,0
C1759,40,21,internet,116.55,2447.55,Potential,8,0.04,20.3,Low,0
C1760,28,65,bundle,59.6,3874.0,Champions,14,0.0,2.5,Low,0
C1761,29,37,internet,142.87,5286.19,Champions,12,0.005,7.8,Low,0
C1762,27,45,tv,144.72,6512.4,Loyal,11,0.085,16.0,Low,0
C1763,49,14,internet,96.93,1357.02,Potential,7,0.0,20.0,Low,0
C1764,33,43,bundle,140.01,6020.43,Champions,14,0.015,3.6,Low,0
C1765,25,48,bundle,116.52,5592.96,Champions,14,0.035,5.0,Low,0
C1766,55,60,tv,86.56,5193.6,Champions,13,0.0,5.0,Low,0
C1767,29,66,bundle,35.24,2325.84,Champions,13,0.0,5.0,Low,0
C1768,41,5,bundle,74.2,371.0,At Risk,5,0.025,26.8,Low,0
C1769,45,8,mobile,88.52,708.16,At Risk,4,0.99,96.8,High,1
C1770,25,5,mobile,130.95,654.75,Hibernating,3,1.0,100.0,High,1
C1771,45,31,tv,77.39,2399.09,Potential,8,0.0,17.5,Low,0
C1772,53,40,internet,135.67,5426.8,Champions,12,0.025,9.2,Low,0
C1773,43,7,mobile,104.41,730.87,At Risk,4,0.99,96.8,High,1
C1774,25,71,internet,29.18,2071.78,Champions,12,0.0,7.5,Low,0
C1775,67,49,bundle,149.3,7315.7,Champions,14,0.95,69.0,High,1
C1776,45,61,mobile,83.81,5112.41,Champions,13,0.0,5.0,Low,0
C1777,45,61,tv,64.86,3956.46,Champions,12,0.0,7.5,Low,0
C1778,54,6,tv,102.28,613.68,Hibernating,3,0.925,94.8,High,1
C1779,58,3,tv,25.25,75.75,Hibernating,3,0.17,41.9,Medium,0
C1780,53,5,mobile,99.12,495.6,Hibernating,3,0.975,98.2,High,1
C1781,44,57,internet,79.75,4545.75,Champions,13,0.0,5.0,Low,0
C1782,34,21,bundle,66.93,1405.53,Loyal,9,0.0,15.0,Low,0
C1783,26,25,internet,143.42,3585.5,Loyal,10,0.035,15.0,Low,0
C1784,50,2,internet,83.16,166.32,Hibernating,3,0.17,41.9,Medium,0
C1785,37,40,bundle,40.68,1627.2,Loyal,11,0.0,10.0,Low,0
C1786,30,59,bundle,74.25,4380.75,Champions,14,0.0,2.5,Low,0
C1787,45,13,mobile,138.71,1803.23,At Risk,5,0.96,92.2,High,1
C1788,65,11,mobile,34.65,381.15,Hibernating,3,0.955,96.8,High,1
C1789,46,11,mobile,39.95,439.45,Hibernating,3,0.955,96.8,High,1
C1790,30,12,mobile,11.82,141.84,Hibernating,3,0.035,32.4,Low,0
C1791,63,24,mobile,11.99,287.76,At Risk,4,0.01,28.2,Low,0
C1792,52,44,bundle,126.11,5548.84,Champions,14,0.005,2.9,Low,0
C1793,23,18,internet,112.5,2025.0,Potential,8,0.835,75.9,High,1
C1794,35,54,mobile,59.71,3224.34,Loyal,11,0.0,10.0,Low,0
C1795,68,44,mobile,107.76,4741.44,Loyal,10,0.975,80.8,High,1
C1796,22,7,internet,65.33,457.31,At Risk,5,0.805,81.4,High,1
C1797,64,52,mobile,143.41,7457.32,Loyal,11,1.0,80.0,High,1
C1798,42,54,internet,145.39,7851.06,Champions,13,0.01,5.7,Low,0
C1799,19,31,internet,64.99,2014.69,Loyal,10,0.0,12.5,Low,0
C1800,27,50,bundle,129.59,6479.5,Champions,14,0.005,2.9,Low,0
C1801,47,43,tv,118.23,5083.89,Loyal,11,0.02,11.4,Low,0
C1802,67,69,bundle,53.4,3684.6,Champions,14,0.01,3.2,Low,0
C1803,62,17,tv,42.49,722.33,At Risk,5,0.02,26.4,Low,0
C1804,22,21,tv,74.15,1557.15,At Risk,5,0.005,25.4,Low,0
C1805,50,36,tv,119.39,4298.04,Loyal,9,0.01,15.7,Low,0
C1806,18,55,mobile,144.42,7943.1,Champions,12,0.995,77.1,High,1
C1807,35,58,bundle,116.9,6780.2,Champions,15,0.04,2.8,Low,0
C1808,49,2,tv,129.73,259.46,Hibernating,3,0.975,98.2,High,1
C1809,64,27,internet,94.43,2549.61,Loyal,9,0.02,16.4,Low,0
C1810,66,34,mobile,126.96,4316.64,Loyal,9,0.98,83.6,High,1
C1811,28,60,bundle,119.82,7189.2,Champions,15,0.05,3.5,Low,0
C1812,38,53,tv,62.78,3327.34,Loyal,11,0.0,10.0,Low,0
C1813,43,62,internet,87.28,5411.36,Champions,14,0.0,2.5,Low,0
C1814,42,6,bundle,122.67,736.02,Potential,6,0.99,91.8,High,1
C1815,39,48,bundle,16.45,789.6,Loyal,11,0.0,10.0,Low,0
C1816,44,30,mobile,123.13,3693.9,Loyal,9,0.975,83.2,High,1
C1817,66,57,bundle,34.9,1989.3,Champions,13,0.0,5.0,Low,0
C1818,30,60,mobile,82.06,4923.6,Champions,13,0.0,5.0,Low,0
C1819,50,23,tv,123.16,2832.68,Potential,6,0.005,22.8,Low,0
C1820,51,19,mobile,45.53,865.07,At Risk,5,0.0,25.0,Low,0
C1821,58,36,internet,44.41,1598.76,Loyal,9,0.0,15.0,Low,0
C1822,52,3,mobile,66.39,199.17,Hibernating,3,0.97,97.9,High,1
C1823,18,19,internet,135.25,2569.75,Potential,8,0.85,77.0,High,1
C1824,38,59,mobile,10.06,593.54,Loyal,9,0.005,15.4,Low,0
C1825,65,23,bundle,136.19,3132.37,Loyal,11,0.92,74.4,High,1
C1826,23,49,tv,31.53,1544.97,Potential,8,0.005,17.8,Low,0
C1827,45,48,internet,148.61,7133.28,Champions,13,0.03,7.1,Low,0
C1828,34,50,mobile,143.68,7184.0,Loyal,11,0.995,79.6,High,1
C1829,22,35,mobile,79.25,2773.75,Potential,8,0.005,17.8,Low,0
C1830,48,65,mobile,81.78,5315.7,Champions,13,0.01,5.7,Low,0
C1831,22,33,bundle,77.42,2554.86,Loyal,11,0.005,10.4,Low,0
C1832,55,35,bundle,98.96,3463.6,Champions,12,0.0,7.5,Low,0
C1833,20,5,internet,22.7,113.5,At Risk,4,0.855,87.4,High,1
C1834,40,38,internet,14.57,553.66,Potential,8,0.0,17.5,Low,0
C1835,54,41,bundle,18.08,741.28,Loyal,10,0.0,12.5,Low,0
C1836,54,57,internet,72.21,4115.97,Champions,13,0.0,5.0,Low,0
C1837,27,11,tv,48.58,534.38,Hibernating,3,0.05,33.5,Low,0
C1838,27,2,tv,97.09,194.18,Hibernating,3,0.22,45.4,Medium,0
C1839,36,17,bundle,148.94,2531.98,Loyal,10,0.025,14.2,Low,0
C1840,34,39,internet,64.09,2499.51,Loyal,10,0.0,12.5,Low,0
C1841,38,20,mobile,90.34,1806.8,Potential,6,0.005,22.8,Low,0
C1842,31,14,tv,68.18,954.52,At Risk,5,0.005,25.4,Low,0
C1843,26,25,bundle,128.62,3215.5,Loyal,11,0.01,10.7,Low,0
C1844,63,7,internet,136.31,954.17,Potential,6,0.96,89.7,High,1
C1845,18,41,bundle,132.83,5446.03,Champions,13,0.915,69.0,High,1
C1846,68,43,mobile,146.41,6295.63,Loyal,11,1.0,80.0,High,1
C1847,62,13,tv,13.85,180.05,At Risk,4,0.005,27.8,Low,0
C1848,30,1,bundle,127.57,127.57,Hibernating,3,0.885,92.0,High,1
C1849,21,36,bundle,115.25,4149.0,Champions,12,0.97,75.4,High,1
C1850,18,68,bundle,42.02,2857.36,Champions,13,0.0,5.0,Low,0
C1851,66,37,mobile,143.88,5323.56,Loyal,10,1.0,82.5,High,1
C1852,57,40,bundle,30.74,1229.6,Loyal,10,0.0,12.5,Low,0
C1853,49,61,mobile,105.14,6413.54,Champions,13,0.965,72.6,High,1
C1854,51,59,mobile,41.48,2447.32,Loyal,11,0.0,10.0,Low,0
C1855,45,13,mobile,70.39,915.07,At Risk,5,0.01,25.7,Low,0
C1856,48,1,tv,110.68,110.68,Hibernating,3,0.98,98.6,High,1
C1857,25,69,tv,88.87,6132.03,Champions,13,0.0,5.0,Low,0
C1858,56,16,bundle,69.85,1117.6,Potential,8,0.0,17.5,Low,0
C1859,43,27,bundle,55.69,1503.63,Loyal,9,0.0,15.0,Low,0
C1860,51,65,tv,127.55,8290.75,Champions,13,0.01,5.7,Low,0
C1861,20,34,internet,30.13,1024.42,Loyal,9,0.005,15.4,Low,0
C1862,67,4,tv,70.21,280.84,Hibernating,3,0.94,95.8,High,1
C1863,29,64,mobile,136.53,8737.92,Champions,13,1.0,75.0,High,1
C1864,18,39,tv,128.42,5008.38,Loyal,10,0.895,75.1,High,1
C1865,61,55,mobile,66.13,3637.15,Loyal,11,0.0,10.0,Low,0
C1866,22,35,bundle,116.84,4089.4,Champions,12,0.96,74.7,High,1
C1867,47,44,internet,125.24,5510.56,Champions,13,0.0,5.0,Low,0
C1868,47,22,bundle,134.44,2957.68,Loyal,11,0.04,12.8,Low,0
C1869,34,46,mobile,86.23,3966.58,Loyal,10,0.005,12.8,Low,0
C1870,65,30,mobile,38.62,1158.6,Potential,7,0.0,20.0,Low,0
C1871,64,10,mobile,45.74,457.4,Hibernating,3,0.98,98.6,High,1
C1872,40,9,internet,51.4,462.6,At Risk,5,0.055,28.8,Low,0
C1873,32,66,tv,93.13,6146.58,Champions,13,0.0,5.0,Low,0
C1874,54,13,bundle,14.59,189.67,Potential,7,0.02,21.4,Low,0
C1875,38,9,bundle,99.05,891.45,Potential,7,0.1,27.0,Low,0
C1876,31,0,tv,61.01,0.0,Hibernating,3,0.045,33.2,Low,0
C1877,19,4,bundle,51.33,205.32,At Risk,5,0.845,84.1,High,1
C1878,28,19,internet,133.13,2529.47,Potential,8,0.045,20.6,Low,0
C1879,68,7,bundle,74.4,520.8,At Risk,5,0.935,90.4,High,1
C1880,56,42,mobile,23.31,979.02,Potential,8,0.0,17.5,Low,0
C1881,55,0,tv,125.74,0.0,Hibernating,3,0.96,97.2,High,1
C1882,51,56,internet,16.67,933.52,Loyal,10,0.005,12.8,Low,0
C1883,55,63,tv,111.74,7039.62,Champions,13,0.05,8.5,Low,0
C1884,67,27,internet,118.35,3195.45,Loyal,10,0.945,78.6,High,1
C1885,51,36,mobile,59.36,2136.96,Potential,8,0.0,17.5,Low,0
C1886,35,46,tv,125.47,5771.62,Loyal,11,0.015,11.0,Low,0
C1887,47,36,bundle,82.19,2958.84,Champions,12,0.0,7.5,Low,0
C1888,32,48,internet,74.86,3593.28,Champions,12,0.0,7.5,Low,0
C1889,44,43,tv,16.36,703.48,Potential,8,0.005,17.8,Low,0
C1890,68,55,bundle,50.6,2783.0,Champions,12,0.0,7.5,Low,0
C1891,51,27,tv,140.34,3789.18,Potential,8,0.015,18.5,Low,0
C1892,69,5,tv,64.86,324.3,Hibernating,3,0.92,94.4,High,1
C1893,55,60,tv,86.54,5192.4,Champions,13,0.0,5.0,Low,0
C1894,50,19,internet,84.48,1605.12,Potential,7,0.0,20.0,Low,0
C1895,41,1,bundle,92.66,92.66,Hibernating,3,0.075,35.2,Medium,0
C1896,32,36,mobile,18.59,669.24,Potential,6,0.0,22.5,Low,0
C1897,47,19,internet,60.7,1153.3,Potential,7,0.0,20.0,Low,0
C1898,59,25,internet,111.24,2781.0,Loyal,9,0.075,20.2,Low,0
C1899,68,28,internet,38.08,1066.24,Loyal,9,0.0,15.0,Low,0
C1900,34,0,mobile,38.5,0.0,Hibernating,3,0.915,94.0,High,1
C1901,22,34,bundle,11.41,387.94,Loyal,9,0.0,15.0,Low,0
C1902,46,69,bundle,71.25,4916.25,Champions,15,0.0,0.0,Low,0
C1903,21,58,bundle,133.58,7747.64,Champions,15,0.87,60.9,High,1
C1904,27,68,tv,17.27,1174.36,Loyal,10,0.0,12.5,Low,0
C1905,34,32,tv,36.76,1176.32,Potential,7,0.0,20.0,Low,0
C1906,27,50,tv,53.41,2670.5,Loyal,9,0.0,15.0,Low,0
C1907,34,11,mobile,112.44,1236.84,At Risk,4,0.985,96.4,High,1
C1908,37,19,tv,99.69,1894.11,Potential,6,0.005,22.8,Low,0
C1909,41,52,mobile,68.23,3547.96,Loyal,10,0.005,12.8,Low,0
C1910,22,42,bundle,116.27,4883.34,Champions,14,0.91,66.2,High,1
C1911,51,49,tv,95.35,4672.15,Loyal,10,0.0,12.5,Low,0
C1912,23,28,tv,135.45,3792.6,Loyal,9,0.865,75.6,High,1
C1913,19,56,internet,124.52,6973.12,Champions,13,0.91,68.7,High,1
C1914,30,38,mobile,45.39,1724.82,Potential,8,0.0,17.5,Low,0
C1915,60,55,bundle,48.0,2640.0,Champions,12,0.0,7.5,Low,0
C1916,60,42,internet,27.55,1157.1,Loyal,10,0.0,12.5,Low,0
C1917,65,49,internet,57.18,2801.82,Loyal,11,0.005,10.4,Low,0
C1918,28,22,bundle,149.94,3298.68,Loyal,11,0.025,11.8,Low,0
C1919,68,43,internet,66.81,2872.83,Loyal,11,0.01,10.7,Low,0
C1920,64,37,mobile,40.87,1512.19,Potential,7,0.0,20.0,Low,0
C1921,40,22,mobile,116.75,2568.5,Potential,6,0.985,91.4,High,1
C1922,33,44,tv,85.95,3781.8,Loyal,10,0.0,12.5,Low,0
C1923,48,51,internet,30.94,1577.94,Loyal,10,0.0,12.5,Low,0
C1924,28,49,tv,63.3,3101.7,Loyal,10,0.0,12.5,Low,0
C1925,33,7,internet,68.03,476.21,At Risk,5,0.09,31.3,Low,0
C1926,25,0,mobile,115.54,0.0,Hibernating,3,0.98,98.6,High,1
C1927,21,7,mobile,12.89,90.23,Hibernating,3,0.965,97.6,High,1
C1928,57,28,mobile,47.66,1334.48,Potential,7,0.0,20.0,Low,0
C1929,21,4,internet,82.46,329.84,Hibernating,3,0.87,90.9,High,1
C1930,42,46,mobile,47.64,2191.44,Loyal,9,0.0,15.0,Low,0
C1931,20,33,internet,97.98,3233.34,Loyal,11,0.025,11.8,Low,0
C1932,49,64,tv,77.46,4957.44,Champions,13,0.0,5.0,Low,0
C1933,20,54,internet,60.64,3274.56,Champions,12,0.0,7.5,Low,0
C1934,44,42,tv,142.89,6001.38,Loyal,11,0.015,11.0,Low,0
C1935,46,29,internet,98.5,2856.5,Loyal,10,0.0,12.5,Low,0
C1936,49,16,tv,28.19,451.04,At Risk,4,0.0,27.5,Low,0
C1937,67,25,mobile,88.41,2210.25,Potential,6,0.005,22.8,Low,0
C1938,68,7,tv,119.3,835.1,At Risk,4,0.98,96.1,High,1
C1939,36,46,mobile,109.19,5022.74,Loyal,11,0.99,79.3,High,1
C1940,38,71,mobile,34.09,2420.39,Loyal,11,0.0,10.0,Low,0
C1941,22,45,tv,146.14,6576.3,Loyal,11,0.895,72.6,High,1
C1942,35,67,internet,72.83,4879.61,Champions,14,0.0,2.5,Low,0
C1943,45,32,internet,32.26,1032.32,Loyal,9,0.0,15.0,Low,0
C1944,59,0,bundle,35.23,0.0,Hibernating,3,0.095,36.6,Medium,0
C1945,39,18,internet,23.75,427.5,Potential,6,0.0,22.5,Low,0
C1946,38,30,bundle,122.49,3674.7,Champions,12,0.005,7.8,Low,0
C1947,23,13,internet,27.08,352.04,Potential,6,0.03,24.6,Low,0
C1948,18,52,internet,27.52,1431.04,Loyal,10,0.0,12.5,Low,0
C1949,22,47,mobile,129.07,6066.29,Loyal,11,0.99,79.3,High,1
C1950,58,68,bundle,58.24,3960.32,Champions,14,0.0,2.5,Low,0
C1951,29,61,internet,14.32,873.52,Loyal,11,0.0,10.0,Low,0
C1952,43,65,bundle,17.27,1122.55,Champions,12,0.0,7.5,Low,0
C1953,63,63,mobile,29.9,1883.7,Loyal,11,0.0,10.0,Low,0
C1954,51,69,mobile,39.88,2751.72,Loyal,11,0.0,10.0,Low,0
C1955,66,62,bundle,103.12,6393.44,Champions,15,0.925,64.8,High,1
C1956,31,32,mobile,32.03,1024.96,Potential,7,0.0,20.0,Low,0
C1957,43,40,tv,26.64,1065.6,Potential,7,0.0,20.0,Low,0
C1958,62,47,tv,117.06,5501.82,Loyal,11,0.98,78.6,High,1
C1959,44,12,mobile,103.95,1247.4,At Risk,4,0.82,84.9,High,1
C1960,26,30,tv,70.95,2128.5,Potential,8,0.0,17.5,Low,0
C1961,43,67,internet,86.9,5822.3,Champions,14,0.0,2.5,Low,0
C1962,64,3,bundle,53.68,161.04,At Risk,5,0.91,88.7,High,1
C1963,39,18,internet,77.55,1395.9,Potential,7,0.0,20.0,Low,0
C1964,64,69,bundle,80.93,5584.17,Champions,15,0.01,0.7,Low,0
C1965,47,12,mobile,64.21,770.52,At Risk,4,0.03,29.6,Low,0
C1966,60,22,internet,136.92,3012.24,Loyal,9,0.14,24.8,Low,0
C1967,65,0,mobile,12.25,0.0,Hibernating,3,0.935,95.4,High,1
C1968,34,53,mobile,119.5,6333.5,Champions,12,0.985,76.4,High,1
C1969,43,70,bundle,27.41,1918.7,Champions,13,0.0,5.0,Low,0
C1970,53,14,bundle,121.66,1703.24,Loyal,9,0.06,19.2,Low,0
C1971,18,64,bundle,96.23,6158.72,Champions,15,0.03,2.1,Low,0
C1972,25,70,internet,128.06,8964.2,Champions,14,0.055,6.4,Low,0
C1973,66,14,tv,23.65,331.1,At Risk,4,0.035,30.0,Low,0
C1974,52,20,bundle,88.26,1765.2,Loyal,10,0.005,12.8,Low,0
C1975,69,18,bundle,80.15,1442.7,Loyal,9,0.015,16.0,Low,0
C1976,32,59,internet,108.87,6423.33,Champions,14,0.03,4.6,Low,0
C1977,64,32,bundle,84.8,2713.6,Loyal,11,0.005,10.4,Low,0
C1978,39,48,internet,85.7,4113.6,Champions,12,0.0,7.5,Low,0
C1979,31,34,mobile,70.14,2384.76,Potential,8,0.0,17.5,Low,0
C1980,43,43,bundle,53.24,2289.32,Champions,12,0.0,7.5,Low,0
C1981,45,10,bundle,77.52,775.2,Potential,7,0.075,25.2,Low,0
C1982,40,71,mobile,26.59,1887.89,Loyal,11,0.0,10.0,Low,0
C1983,31,65,mobile,144.61,9399.65,Champions,13,0.99,74.3,High,1
C1984,41,45,mobile,110.02,4950.9,Loyal,11,0.99,79.3,High,1
C1985,19,8,bundle,143.35,1146.8,Potential,7,0.975,88.2,High,1
C1986,62,2,tv,41.74,83.48,Hibernating,3,0.78,84.6,High,1
C1987,43,25,tv,133.11,3327.75,Potential,7,0.0,20.0,Low,0
C1988,31,71,tv,123.23,8749.33,Champions,13,0.015,6.0,Low,0
C1989,68,47,bundle,104.8,4925.6,Champions,14,0.955,69.4,High,1
C1990,24,65,mobile,97.5,6337.5,Champions,13,0.06,9.2,Low,0
C1991,20,69,bundle,54.32,3748.08,Champions,14,0.01,3.2,Low,0
C1992,64,27,mobile,124.3,3356.1,Potential,8,0.995,87.1,High,1
C1993,40,25,bundle,80.21,2005.25,Loyal,10,0.0,12.5,Low,0
C1994,63,24,bundle,19.92,478.08,Potential,8,0.015,18.5,Low,0
C1995,60,11,mobile,53.8,591.8,Hibernating,3,0.985,99.0,High,1
C1996,64,4,tv,140.94,563.76,Hibernating,3,0.995,99.6,High,1
C1997,62,47,mobile,129.1,6067.7,Loyal,11,1.0,80.0,High,1
C1998,35,36,internet,147.47,5308.92,Champions,12,0.0,7.5,Low,0
C1999,55,43,internet,97.92,4210.56,Champions,12,0.0,7.5,Low,0
