customer_id,age,tenure,service_type,monthly_fee,churn,lifetime_value,service_weight,engagement_score,R_score,F_score,M_score,RFM_score,rfm_segment,_tenure_bucket,_age_group
C1000,56,14,bundle,47.54,0,665.56,3.0,8.124,2,4,1,7,Potential,13-24,56-65
C1001,69,63,tv,31.89,0,2009.07,1.0,4.159,5,3,3,11,Loyal,49+,65+
C1002,46,27,tv,129.43,0,3494.61,1.0,3.332,2,2,4,8,Potential,25-48,46-55
C1003,32,38,bundle,16.51,0,627.38,3.0,10.991,3,5,1,9,Loyal,25-48,26-35
C1004,60,56,tv,96.76,0,5418.56,1.0,4.043,4,3,5,12,Champions,49+,56-65
C1005,25,16,mobile,88.68,0,1418.88,1.0,2.833,2,1,2,5,At Risk,13-24,18-25
C1006,38,43,mobile,58.43,0,2512.49,1.0,3.784,4,2,3,9,Loyal,25-48,36-45
C1007,56,24,mobile,54.13,0,1299.12,1.0,3.219,2,1,2,5,At Risk,13-24,56-65
C1008,36,16,bundle,118.06,0,1888.96,3.0,8.5,2,4,3,9,Loyal,13-24,36-45
C1009,40,12,tv,22.1,0,265.2,1.0,2.565,1,1,1,3,Hibernating,7-12,36-45
C1010,28,24,tv,43.15,0,1035.6,1.0,3.219,2,1,2,5,At Risk,13-24,26-35
C1011,28,67,internet,112.54,0,7540.18,2.0,8.439,5,4,5,14,Champions,49+,26-35
C1012,41,9,internet,86.76,0,780.84,2.0,4.605,1,3,2,6,Potential,7-12,36-45
C1013,53,66,tv,27.92,0,1842.72,1.0,4.205,5,3,3,11,Loyal,49+,46-55
C1014,57,17,tv,133.5,0,2269.5,1.0,2.89,2,1,3,6,Potential,13-24,56-65
C1015,41,33,tv,65.08,0,2147.64,1.0,3.526,3,2,3,8,Potential,25-48,36-45
C1016,20,7,bundle,125.9,1,881.3,3.0,6.238,1,3,2,6,Potential,7-12,18-25
C1017,39,39,tv,120.28,0,4690.92,1.0,3.689,3,2,4,9,Loyal,25-48,36-45
C1018,19,41,internet,97.42,0,3994.22,2.0,7.475,3,4,4,11,Loyal,25-48,18-25
C1019,41,40,bundle,79.23,0,3169.2,3.0,11.141,3,5,4,12,Champions,25-48,36-45
C1020,61,5,tv,147.14,1,735.7,1.0,1.792,1,1,2,4,At Risk,0-6,56-65
C1021,47,51,internet,30.3,0,1545.3,2.0,7.902,4,4,2,10,Loyal,49+,46-55
C1022,55,25,bundle,111.52,0,2788.0,3.0,9.774,2,5,3,10,Loyal,25-48,46-55
C1023,19,63,tv,36.77,0,2316.51,1.0,4.159,5,3,3,11,Loyal,49+,18-25
C1024,38,58,tv,57.36,0,3326.88,1.0,4.078,5,3,4,12,Champions,49+,36-45
C1025,50,55,tv,53.22,0,2927.1,1.0,4.025,4,3,4,11,Loyal,49+,46-55
C1026,29,58,bundle,142.59,0,8270.22,3.0,12.233,5,5,5,15,Champions,49+,26-35
C1027,39,69,internet,145.43,0,10034.67,2.0,8.497,5,4,5,14,Champions,49+,36-45
C1028,61,32,internet,35.62,0,1139.84,2.0,6.993,3,4,2,9,Loyal,25-48,56-65
C1029,42,52,mobile,13.08,0,680.16,1.0,3.97,4,2,1,7,Potential,49+,36-45
C1030,66,21,tv,110.8,1,2326.8,1.0,3.091,2,1,3,6,Potential,13-24,65+
C1031,44,20,mobile,68.52,0,1370.4,1.0,3.045,2,1,2,5,At Risk,13-24,36-45
C1032,59,69,mobile,22.44,0,1548.36,1.0,4.248,5,3,2,10,Loyal,49+,56-65
C1033,45,69,internet,105.73,0,7295.37,2.0,8.497,5,4,5,14,Champions,49+,36-45
C1034,33,3,bundle,86.31,0,258.93,3.0,4.159,1,3,1,5,At Risk,0-6,26-35
C1035,32,61,bundle,147.27,0,8983.47,3.0,12.381,5,5,5,15,Champions,49+,26-35
C1036,64,61,internet,41.84,0,2552.24,2.0,8.254,5,4,3,12,Champions,49+,56-65
C1037,68,23,bundle,66.56,0,1530.88,3.0,9.534,2,5,2,9,Loyal,13-24,65+
C1038,61,54,mobile,85.96,0,4641.84,1.0,4.007,4,3,4,11,Loyal,49+,56-65
C1039,69,8,tv,120.84,1,966.72,1.0,2.197,1,1,2,4,At Risk,7-12,65+
C1040,20,2,internet,86.84,1,173.68,2.0,2.197,1,1,1,3,Hibernating,0-6,18-25
C1041,54,30,tv,95.81,0,2874.3,1.0,3.434,3,2,3,8,Potential,25-48,46-55
C1042,68,39,bundle,41.66,0,1624.74,3.0,11.067,3,5,3,11,Loyal,25-48,65+
C1043,24,35,tv,128.57,1,4499.95,1.0,3.584,3,2,4,9,Loyal,25-48,18-25
C1044,38,23,bundle,70.01,0,1610.23,3.0,9.534,2,5,2,9,Loyal,13-24,36-45
C1045,26,5,bundle,29.73,0,148.65,3.0,5.375,1,3,1,5,At Risk,0-6,26-35
C1046,56,65,mobile,102.99,1,6694.35,1.0,4.19,5,3,5,13,Champions,49+,56-65
C1047,35,3,bundle,40.25,0,120.75,3.0,4.159,1,3,1,5,At Risk,0-6,26-35
C1048,21,5,mobile,23.66,1,118.3,1.0,1.792,1,1,1,3,Hibernating,0-6,18-25
C1049,42,50,mobile,130.68,1,6534.0,1.0,3.932,4,2,5,11,Loyal,49+,36-45
C1050,31,61,mobile,74.42,0,4539.62,1.0,4.127,5,3,4,12,Champions,49+,26-35
C1051,67,56,internet,114.9,1,6434.4,2.0,8.086,4,4,5,13,Champions,49+,65+
C1052,26,65,internet,50.68,0,3294.2,2.0,8.379,5,4,4,13,Champions,49+,26-35
C1053,43,7,bundle,120.18,1,841.26,3.0,6.238,1,3,2,6,Potential,7-12,36-45
C1054,19,25,mobile,25.67,0,641.75,1.0,3.258,2,1,1,4,At Risk,25-48,18-25
C1055,37,50,internet,59.84,0,2992.0,2.0,7.864,4,4,4,12,Champions,49+,36-45
C1056,45,44,mobile,146.93,1,6464.92,1.0,3.807,4,2,5,11,Loyal,25-48,36-45
C1057,64,43,tv,121.16,1,5209.88,1.0,3.784,4,2,5,11,Loyal,25-48,56-65
C1058,24,4,tv,79.62,1,318.48,1.0,1.609,1,1,1,3,Hibernating,0-6,18-25
C1059,61,69,tv,57.57,0,3972.33,1.0,4.248,5,3,4,12,Champions,49+,56-65
C1060,25,25,bundle,132.1,0,3302.5,3.0,9.774,2,5,4,11,Loyal,25-48,18-25
C1061,64,67,mobile,86.28,0,5780.76,1.0,4.22,5,3,5,13,Champions,49+,56-65
C1062,52,18,tv,116.18,0,2091.24,1.0,2.944,2,1,3,6,Potential,13-24,46-55
C1063,31,19,internet,115.58,0,2196.02,2.0,5.991,2,3,3,8,Potential,13-24,26-35
C1064,34,11,tv,12.51,0,137.61,1.0,2.485,1,1,1,3,Hibernating,7-12,26-35
C1065,53,46,tv,27.68,0,1273.28,1.0,3.85,4,2,2,8,Potential,25-48,46-55
C1066,67,0,tv,102.35,1,0.0,1.0,0.0,1,1,1,3,Hibernating,0-6,65+
C1067,57,13,bundle,32.63,0,424.19,3.0,7.917,1,4,1,6,Potential,13-24,56-65
C1068,21,63,internet,45.77,0,2883.51,2.0,8.318,5,4,3,12,Champions,49+,18-25
C1069,19,37,mobile,142.53,1,5273.61,1.0,3.638,3,2,5,10,Loyal,25-48,18-25
C1070,23,36,internet,88.43,0,3183.48,2.0,7.222,3,4,4,11,Loyal,25-48,18-25
C1071,59,10,mobile,115.1,1,1151.0,1.0,2.398,1,1,2,4,At Risk,7-12,56-65
C1072,21,2,bundle,88.12,1,176.24,3.0,3.296,1,1,1,3,Hibernating,0-6,18-25
C1073,46,32,bundle,87.35,0,2795.2,3.0,10.49,3,5,3,11,Loyal,25-48,46-55
C1074,35,5,bundle,23.18,0,115.9,3.0,5.375,1,3,1,5,At Risk,0-6,26-35
C1075,43,49,bundle,58.11,0,2847.39,3.0,11.736,4,5,3,12,Champions,49+,36-45
C1076,61,9,mobile,49.54,1,445.86,1.0,2.303,1,1,1,3,Hibernating,7-12,56-65
C1077,51,4,tv,64.7,0,258.8,1.0,1.609,1,1,1,3,Hibernating,0-6,46-55
C1078,27,22,mobile,121.77,1,2678.94,1.0,3.135,2,1,3,6,Potential,13-24,26-35
C1079,53,9,internet,62.07,0,558.63,2.0,4.605,1,3,1,5,At Risk,7-12,46-55
C1080,31,43,bundle,73.24,0,3149.32,3.0,11.353,4,5,4,13,Champions,25-48,26-35
C1081,48,1,bundle,65.63,0,65.63,3.0,2.079,1,1,1,3,Hibernating,0-6,46-55
C1082,65,12,internet,23.08,0,276.96,2.0,5.13,1,3,1,5,At Risk,7-12,56-65
C1083,32,39,mobile,71.75,0,2798.25,1.0,3.689,3,2,3,8,Potential,25-48,26-35
C1084,25,1,tv,37.39,0,37.39,1.0,0.693,1,1,1,3,Hibernating,0-6,18-25
C1085,31,64,tv,36.14,0,2312.96,1.0,4.174,5,3,3,11,Loyal,49+,26-35
C1086,40,62,internet,23.17,0,1436.54,2.0,8.286,5,4,2,11,Loyal,49+,36-45
C1087,57,16,tv,59.93,0,958.88,1.0,2.833,2,1,2,5,At Risk,13-24,56-65
C1088,38,8,mobile,116.05,1,928.4,1.0,2.197,1,1,2,4,At Risk,7-12,36-45
C1089,33,14,mobile,48.7,0,681.8,1.0,2.708,2,1,1,4,At Risk,13-24,26-35
C1090,62,23,internet,53.73,0,1235.79,2.0,6.356,2,3,2,7,Potential,13-24,56-65
C1091,35,37,mobile,99.97,0,3698.89,1.0,3.638,3,2,4,9,Loyal,25-48,26-35
C1092,64,34,bundle,37.42,0,1272.28,3.0,10.666,3,5,2,10,Loyal,25-48,56-65
C1093,41,48,internet,135.57,0,6507.36,2.0,7.784,4,4,5,13,Champions,25-48,36-45
C1094,43,68,mobile,82.83,0,5632.44,1.0,4.234,5,3,5,13,Champions,49+,36-45
C1095,42,61,internet,72.66,0,4432.26,2.0,8.254,5,4,4,13,Champions,49+,36-45
C1096,62,59,tv,88.09,0,5197.31,1.0,4.094,5,3,5,13,Champions,49+,56-65
C1097,58,49,mobile,33.24,0,1628.76,1.0,3.912,4,2,3,9,Loyal,49+,56-65
C1098,46,8,bundle,95.89,0,767.12,3.0,6.592,1,4,2,7,Potential,7-12,46-55
C1099,32,33,mobile,60.83,0,2007.39,1.0,3.526,3,2,3,8,Potential,25-48,26-35
C1100,62,34,internet,135.61,1,4610.74,2.0,7.111,3,4,4,11,Loyal,25-48,56-65
C1101,18,0,internet,33.64,1,0.0,2.0,0.0,1,1,1,3,Hibernating,0-6,18-25
C1102,42,39,mobile,80.99,0,3158.61,1.0,3.689,3,2,4,9,Loyal,25-48,36-45
C1103,24,63,bundle,93.74,0,5905.62,3.0,12.477,5,5,5,15,Champions,49+,18-25
C1104,26,21,bundle,14.67,0,308.07,3.0,9.273,2,5,1,8,Potential,13-24,26-35
C1105,41,59,bundle,60.92,0,3594.28,3.0,12.283,5,5,4,14,Champions,49+,36-45
C1106,18,63,internet,112.57,1,7091.91,2.0,8.318,5,4,5,14,Champions,49+,18-25
C1107,61,71,mobile,124.85,1,8864.35,1.0,4.277,5,3,5,13,Champions,49+,56-65
C1108,25,10,tv,53.84,0,538.4,1.0,2.398,1,1,1,3,Hibernating,7-12,18-25
C1109,41,13,internet,121.8,0,1583.4,2.0,5.278,1,3,2,6,Potential,13-24,36-45
C1110,28,59,bundle,145.49,0,8583.91,3.0,12.283,5,5,5,15,Champions,49+,26-35
C1111,68,29,mobile,129.96,1,3768.84,1.0,3.401,3,2,4,9,Loyal,25-48,65+
C1112,34,34,bundle,26.47,0,899.98,3.0,10.666,3,5,2,10,Loyal,25-48,26-35
C1113,25,36,tv,113.56,0,4088.16,1.0,3.611,3,2,4,9,Loyal,25-48,18-25
C1114,52,4,bundle,54.75,0,219.0,3.0,4.828,1,3,1,5,At Risk,0-6,46-55
C1115,52,25,bundle,148.38,0,3709.5,3.0,9.774,2,5,4,11,Loyal,25-48,46-55
C1116,50,61,tv,77.95,0,4754.95,1.0,4.127,5,3,4,12,Champions,49+,46-55
C1117,22,3,mobile,27.14,1,81.42,1.0,1.386,1,1,1,3,Hibernating,0-6,18-25
C1118,59,41,internet,111.53,0,4572.73,2.0,7.475,3,4,4,11,Loyal,25-48,56-65
C1119,56,17,mobile,55.22,0,938.74,1.0,2.89,2,1,2,5,At Risk,13-24,56-65
C1120,58,39,tv,149.59,0,5834.01,1.0,3.689,3,2,5,10,Loyal,25-48,56-65
C1121,45,71,bundle,147.17,0,10449.07,3.0,12.83,5,5,5,15,Champions,49+,36-45
C1122,24,38,mobile,101.86,1,3870.68,1.0,3.664,3,2,4,9,Loyal,25-48,18-25
C1123,26,13,internet,28.18,0,366.34,2.0,5.278,1,3,1,5,At Risk,13-24,26-35
C1124,25,31,tv,106.16,0,3290.96,1.0,3.466,3,2,4,9,Loyal,25-48,18-25
C1125,29,50,mobile,23.02,0,1151.0,1.0,3.932,4,2,2,8,Potential,49+,26-35
C1126,51,37,internet,14.11,0,522.07,2.0,7.275,3,4,1,8,Potential,25-48,46-55
C1127,50,22,tv,125.21,0,2754.62,1.0,3.135,2,1,3,6,Potential,13-24,46-55
C1128,65,62,internet,39.37,0,2440.94,2.0,8.286,5,4,3,12,Champions,49+,56-65
C1129,40,14,tv,63.06,0,882.84,1.0,2.708,2,1,2,5,At Risk,13-24,36-45
C1130,41,24,bundle,146.28,0,3510.72,3.0,9.657,2,5,4,11,Loyal,13-24,36-45
C1131,54,16,mobile,57.16,0,914.56,1.0,2.833,2,1,2,5,At Risk,13-24,46-55
C1132,52,65,internet,51.51,0,3348.15,2.0,8.379,5,4,4,13,Champions,49+,46-55
C1133,61,52,tv,138.55,1,7204.6,1.0,3.97,4,2,5,11,Loyal,49+,56-65
C1134,57,50,internet,25.5,0,1275.0,2.0,7.864,4,4,2,10,Loyal,49+,56-65
C1135,39,38,internet,116.34,0,4420.92,2.0,7.327,3,4,4,11,Loyal,25-48,36-45
C1136,44,50,mobile,148.33,1,7416.5,1.0,3.932,4,2,5,11,Loyal,49+,36-45
C1137,52,69,bundle,136.18,0,9396.42,3.0,12.745,5,5,5,15,Champions,49+,46-55
C1138,18,5,internet,101.23,1,506.15,2.0,3.584,1,2,1,4,At Risk,0-6,18-25
C1139,52,66,tv,53.97,0,3562.02,1.0,4.205,5,3,4,12,Champions,49+,46-55
C1140,54,6,tv,45.61,0,273.66,1.0,1.946,1,1,1,3,Hibernating,0-6,46-55
C1141,64,50,bundle,124.7,1,6235.0,3.0,11.795,4,5,5,14,Champions,49+,56-65
C1142,31,71,tv,133.18,0,9455.78,1.0,4.277,5,3,5,13,Champions,49+,26-35
C1143,20,41,bundle,83.56,0,3425.96,3.0,11.213,3,5,4,12,Champions,25-48,18-25
C1144,18,63,tv,44.21,0,2785.23,1.0,4.159,5,3,3,11,Loyal,49+,18-25
C1145,22,14,mobile,25.81,0,361.34,1.0,2.708,2,1,1,4,At Risk,13-24,18-25
C1146,43,28,internet,22.21,0,621.88,2.0,6.735,2,4,1,7,Potential,25-48,36-45
C1147,31,32,mobile,110.67,1,3541.44,1.0,3.497,3,2,4,9,Loyal,25-48,26-35
C1148,56,26,internet,68.82,0,1789.32,2.0,6.592,2,4,3,9,Loyal,25-48,56-65
C1149,44,35,internet,136.75,0,4786.25,2.0,7.167,3,4,4,11,Loyal,25-48,36-45
C1150,26,28,internet,113.55,0,3179.4,2.0,6.735,2,4,4,10,Loyal,25-48,26-35
C1151,32,37,mobile,36.78,0,1360.86,1.0,3.638,3,2,2,7,Potential,25-48,26-35
C1152,32,56,internet,95.93,0,5372.08,2.0,8.086,4,4,5,13,Champions,49+,26-35
C1153,43,26,mobile,70.97,0,1845.22,1.0,3.296,2,2,3,7,Potential,25-48,36-45
C1154,59,54,bundle,90.81,0,4903.74,3.0,12.022,4,5,5,14,Champions,49+,56-65
C1155,30,32,tv,113.33,0,3626.56,1.0,3.497,3,2,4,9,Loyal,25-48,26-35
C1156,68,67,tv,122.87,1,8232.29,1.0,4.22,5,3,5,13,Champions,49+,65+
C1157,49,65,internet,128.12,0,8327.8,2.0,8.379,5,4,5,14,Champions,49+,46-55
C1158,56,9,mobile,45.56,1,410.04,1.0,2.303,1,1,1,3,Hibernating,7-12,56-65
C1159,66,4,tv,14.36,1,57.44,1.0,1.609,1,1,1,3,Hibernating,0-6,65+
C1160,69,37,mobile,113.5,1,4199.5,1.0,3.638,3,2,4,9,Loyal,25-48,65+
C1161,49,12,mobile,24.89,0,298.68,1.0,2.565,1,1,1,3,Hibernating,7-12,46-55
C1162,21,30,internet,54.09,0,1622.7,2.0,6.868,3,4,2,9,Loyal,25-48,18-25
C1163,47,46,tv,10.53,0,484.38,1.0,3.85,4,2,1,7,Potential,25-48,46-55
C1164,54,51,internet,105.43,0,5376.93,2.0,7.902,4,4,5,13,Champions,49+,46-55
C1165,40,55,internet,33.4,0,1837.0,2.0,8.051,4,4,3,11,Loyal,49+,36-45
C1166,56,14,tv,101.74,0,1424.36,1.0,2.708,2,1,2,5,At Risk,13-24,56-65
C1167,62,28,tv,148.84,1,4167.52,1.0,3.367,2,2,4,8,Potential,25-48,56-65
C1168,32,7,bundle,20.17,0,141.19,3.0,6.238,1,3,1,5,At Risk,7-12,26-35
C1169,60,4,bundle,20.79,0,83.16,3.0,4.828,1,3,1,5,At Risk,0-6,56-65
C1170,46,28,mobile,57.65,0,1614.2,1.0,3.367,2,2,2,6,Potential,25-48,46-55
C1171,53,46,tv,131.29,0,6039.34,1.0,3.85,4,2,5,11,Loyal,25-48,46-55
C1172,30,67,bundle,40.17,0,2691.39,3.0,12.659,5,5,3,13,Champions,49+,26-35
C1173,49,44,mobile,60.45,0,2659.8,1.0,3.807,4,2,3,9,Loyal,25-48,46-55
C1174,24,1,mobile,19.59,1,19.59,1.0,0.693,1,1,1,3,Hibernating,0-6,18-25
C1175,68,26,mobile,116.84,1,3037.84,1.0,3.296,2,2,4,8,Potential,25-48,65+
C1176,39,35,bundle,67.16,0,2350.6,3.0,10.751,3,5,3,11,Loyal,25-48,36-45
C1177,45,35,tv,116.29,0,4070.15,1.0,3.584,3,2,4,9,Loyal,25-48,36-45
C1178,19,25,internet,136.51,1,3412.75,2.0,6.516,2,4,4,10,Loyal,25-48,18-25
C1179,59,42,mobile,42.59,0,1788.78,1.0,3.761,3,2,3,8,Potential,25-48,56-65
C1180,62,26,bundle,123.04,1,3199.04,3.0,9.888,2,5,4,11,Loyal,25-48,56-65
C1181,23,68,bundle,18.27,0,1242.36,3.0,12.702,5,5,2,12,Champions,49+,18-25
C1182,45,19,internet,135.84,0,2580.96,2.0,5.991,2,3,3,8,Potential,13-24,36-45
C1183,45,10,internet,101.11,1,1011.1,2.0,4.796,1,3,2,6,Potential,7-12,36-45
C1184,61,37,bundle,132.39,1,4898.43,3.0,10.913,3,5,5,13,Champions,25-48,56-65
C1185,61,5,tv,10.03,1,50.15,1.0,1.792,1,1,1,3,Hibernating,0-6,56-65
C1186,37,71,internet,33.67,0,2390.57,2.0,8.553,5,4,3,12,Champions,49+,36-45
C1187,47,22,bundle,64.57,0,1420.54,3.0,9.406,2,5,2,9,Loyal,13-24,46-55
C1188,28,46,internet,63.13,0,2903.98,2.0,7.7,4,4,3,11,Loyal,25-48,26-35
C1189,45,45,tv,41.74,0,1878.3,1.0,3.829,4,2,3,9,Loyal,25-48,36-45
C1190,42,11,mobile,63.43,1,697.73,1.0,2.485,1,1,1,3,Hibernating,7-12,36-45
C1191,56,12,internet,28.04,0,336.48,2.0,5.13,1,3,1,5,At Risk,7-12,56-65
C1192,50,61,tv,67.79,0,4135.19,1.0,4.127,5,3,4,12,Champions,49+,46-55
C1193,18,59,bundle,122.33,1,7217.47,3.0,12.283,5,5,5,15,Champions,49+,18-25
C1194,44,42,internet,77.07,0,3236.94,2.0,7.522,3,4,4,11,Loyal,25-48,36-45
C1195,69,67,internet,12.52,0,838.84,2.0,8.439,5,4,2,11,Loyal,49+,65+
C1196,30,4,bundle,69.0,0,276.0,3.0,4.828,1,3,1,5,At Risk,0-6,26-35
C1197,58,36,mobile,13.8,0,496.8,1.0,3.611,3,2,1,6,Potential,25-48,56-65
C1198,20,71,bundle,145.27,1,10314.17,3.0,12.83,5,5,5,15,Champions,49+,18-25
C1199,56,30,internet,27.84,0,835.2,2.0,6.868,3,4,2,9,Loyal,25-48,56-65
C1200,23,8,bundle,109.08,1,872.64,3.0,6.592,1,4,2,7,Potential,7-12,18-25
C1201,25,50,tv,146.19,0,7309.5,1.0,3.932,4,2,5,11,Loyal,49+,18-25
C1202,44,28,bundle,125.65,0,3518.2,3.0,10.102,2,5,4,11,Loyal,25-48,36-45
C1203,26,39,internet,107.9,0,4208.1,2.0,7.378,3,4,4,11,Loyal,25-48,26-35
C1204,54,40,bundle,127.52,0,5100.8,3.0,11.141,3,5,5,13,Champions,25-48,46-55
C1205,50,10,mobile,147.45,1,1474.5,1.0,2.398,1,1,2,4,At Risk,7-12,46-55
C1206,68,22,bundle,96.99,0,2133.78,3.0,9.406,2,5,3,10,Loyal,13-24,65+
C1207,59,0,mobile,88.29,1,0.0,1.0,0.0,1,1,1,3,Hibernating,0-6,56-65
C1208,61,45,tv,97.95,0,4407.75,1.0,3.829,4,2,4,10,Loyal,25-48,56-65
C1209,41,20,mobile,84.57,0,1691.4,1.0,3.045,2,1,3,6,Potential,13-24,36-45
C1210,32,35,bundle,98.91,0,3461.85,3.0,10.751,3,5,4,12,Champions,25-48,26-35
C1211,49,53,internet,72.98,0,3867.94,2.0,7.978,4,4,4,12,Champions,49+,46-55
C1212,49,56,mobile,40.58,0,2272.48,1.0,4.043,4,3,3,10,Loyal,49+,46-55
C1213,41,0,tv,26.83,0,0.0,1.0,0.0,1,1,1,3,Hibernating,0-6,36-45
C1214,58,62,mobile,19.57,0,1213.34,1.0,4.143,5,3,2,10,Loyal,49+,56-65
C1215,69,53,mobile,46.86,0,2483.58,1.0,3.989,4,2,3,9,Loyal,49+,65+
C1216,66,54,mobile,16.46,0,888.84,1.0,4.007,4,3,2,9,Loyal,49+,65+
C1217,66,39,tv,89.4,0,3486.6,1.0,3.689,3,2,4,9,Loyal,25-48,65+
C1218,69,14,bundle,49.74,0,696.36,3.0,8.124,2,4,1,7,Potential,13-24,65+
C1219,29,20,mobile,125.43,1,2508.6,1.0,3.045,2,1,3,6,Potential,13-24,26-35
C1220,56,46,mobile,20.39,0,937.94,1.0,3.85,4,2,2,8,Potential,25-48,56-65
C1221,19,52,internet,41.69,0,2167.88,2.0,7.941,4,4,3,11,Loyal,49+,18-25
C1222,20,8,tv,112.23,1,897.84,1.0,2.197,1,1,2,4,At Risk,7-12,18-25
C1223,66,51,mobile,93.83,0,4785.33,1.0,3.951,4,2,4,10,Loyal,49+,65+
C1224,54,56,tv,19.03,0,1065.68,1.0,4.043,4,3,2,9,Loyal,49+,46-55
C1225,66,25,mobile,132.81,1,3320.25,1.0,3.258,2,1,4,7,Potential,25-48,65+
C1226,34,40,bundle,132.82,0,5312.8,3.0,11.141,3,5,5,13,Champions,25-48,26-35
C1227,66,34,bundle,56.26,0,1912.84,3.0,10.666,3,5,3,11,Loyal,25-48,65+
C1228,19,62,mobile,57.66,0,3574.92,1.0,4.143,5,3,4,12,Champions,49+,18-25
C1229,19,24,bundle,148.46,1,3563.04,3.0,9.657,2,5,4,11,Loyal,13-24,18-25
C1230,45,37,mobile,97.66,0,3613.42,1.0,3.638,3,2,4,9,Loyal,25-48,36-45
C1231,40,1,bundle,84.38,0,84.38,3.0,2.079,1,1,1,3,Hibernating,0-6,36-45
C1232,54,6,internet,127.34,1,764.04,2.0,3.892,1,2,2,5,At Risk,0-6,46-55
C1233,49,33,internet,49.94,0,1648.02,2.0,7.053,3,4,3,10,Loyal,25-48,46-55
C1234,50,16,internet,70.09,0,1121.44,2.0,5.666,2,3,2,7,Potential,13-24,46-55
C1235,18,42,tv,47.49,0,1994.58,1.0,3.761,4,2,3,9,Loyal,25-48,18-25
C1236,36,58,tv,120.48,0,6987.84,1.0,4.078,5,3,5,13,Champions,49+,36-45
C1237,19,50,internet,90.27,0,4513.5,2.0,7.864,4,4,4,12,Champions,49+,18-25
C1238,61,53,tv,102.24,1,5418.72,1.0,3.989,4,2,5,11,Loyal,49+,56-65
C1239,43,23,bundle,45.32,0,1042.36,3.0,9.534,2,5,2,9,Loyal,13-24,36-45
C1240,49,24,mobile,40.83,0,979.92,1.0,3.219,2,1,2,5,At Risk,13-24,46-55
C1241,23,70,mobile,78.37,0,5485.9,1.0,4.263,5,3,5,13,Champions,49+,18-25
C1242,49,51,mobile,113.26,1,5776.26,1.0,3.951,4,2,5,11,Loyal,49+,46-55
C1243,21,69,internet,83.53,0,5763.57,2.0,8.497,5,4,5,14,Champions,49+,18-25
C1244,28,32,tv,14.57,0,466.24,1.0,3.497,3,2,1,6,Potential,25-48,26-35
C1245,34,48,bundle,131.6,0,6316.8,3.0,11.675,4,5,5,14,Champions,25-48,26-35
C1246,55,28,bundle,19.06,0,533.68,3.0,10.102,2,5,1,8,Potential,25-48,46-55
C1247,41,62,internet,143.82,0,8916.84,2.0,8.286,5,4,5,14,Champions,49+,36-45
C1248,22,21,bundle,13.52,0,283.92,3.0,9.273,2,5,1,8,Potential,13-24,18-25
C1249,69,25,bundle,107.22,1,2680.5,3.0,9.774,2,5,3,10,Loyal,25-48,65+
C1250,51,27,bundle,21.51,0,580.77,3.0,9.997,2,5,1,8,Potential,25-48,46-55
C1251,23,48,bundle,137.49,1,6599.52,3.0,11.675,4,5,5,14,Champions,25-48,18-25
C1252,39,70,tv,75.02,0,5251.4,1.0,4.263,5,3,5,13,Champions,49+,36-45
C1253,28,48,bundle,29.25,0,1404.0,3.0,11.675,4,5,2,11,Loyal,25-48,26-35
C1254,65,19,mobile,57.71,0,1096.49,1.0,2.996,2,1,2,5,At Risk,13-24,56-65
C1255,33,62,internet,33.08,0,2050.96,2.0,8.286,5,4,3,12,Champions,49+,26-35
C1256,50,60,tv,33.88,0,2032.8,1.0,4.111,5,3,3,11,Loyal,49+,46-55
C1257,26,48,bundle,142.74,0,6851.52,3.0,11.675,4,5,5,14,Champions,25-48,26-35
C1258,23,70,tv,72.33,0,5063.1,1.0,4.263,5,3,5,13,Champions,49+,18-25
C1259,33,0,bundle,120.43,1,0.0,3.0,0.0,1,1,1,3,Hibernating,0-6,26-35
C1260,46,12,mobile,99.54,0,1194.48,1.0,2.565,1,1,2,4,At Risk,7-12,46-55
C1261,20,50,internet,104.7,1,5235.0,2.0,7.864,4,4,5,13,Champions,49+,18-25
C1262,37,55,bundle,28.44,0,1564.2,3.0,12.076,4,5,2,11,Loyal,49+,36-45
C1263,53,61,bundle,42.79,0,2610.19,3.0,12.381,5,5,3,13,Champions,49+,46-55
C1264,36,31,bundle,120.15,0,3724.65,3.0,10.397,3,5,4,12,Champions,25-48,36-45
C1265,43,29,bundle,145.91,0,4231.39,3.0,10.204,3,5,4,12,Champions,25-48,36-45
C1266,20,28,internet,46.77,0,1309.56,2.0,6.735,2,4,2,8,Potential,25-48,18-25
C1267,36,48,internet,48.02,0,2304.96,2.0,7.784,4,4,3,11,Loyal,25-48,36-45
C1268,37,44,mobile,76.21,0,3353.24,1.0,3.807,4,2,4,10,Loyal,25-48,36-45
C1269,49,29,internet,147.74,0,4284.46,2.0,6.802,3,4,4,11,Loyal,25-48,46-55
C1270,24,15,bundle,47.65,0,714.75,3.0,8.318,2,4,2,8,Potential,13-24,18-25
C1271,69,39,mobile,66.98,0,2612.22,1.0,3.689,3,2,3,8,Potential,25-48,65+
C1272,58,18,mobile,134.81,1,2426.58,1.0,2.944,2,1,3,6,Potential,13-24,56-65
C1273,50,17,mobile,10.41,0,176.97,1.0,2.89,2,1,1,4,At Risk,13-24,46-55
C1274,57,0,bundle,15.57,0,0.0,3.0,0.0,1,1,1,3,Hibernating,0-6,56-65
C1275,56,46,tv,94.57,0,4350.22,1.0,3.85,4,2,4,10,Loyal,25-48,56-65
C1276,35,65,bundle,137.03,0,8906.95,3.0,12.569,5,5,5,15,Champions,49+,26-35
C1277,57,37,internet,43.44,0,1607.28,2.0,7.275,3,4,2,9,Loyal,25-48,56-65
C1278,18,50,internet,75.75,0,3787.5,2.0,7.864,4,4,4,12,Champions,49+,18-25
C1279,28,62,bundle,73.07,0,4530.34,3.0,12.429,5,5,4,14,Champions,49+,26-35
C1280,45,3,bundle,76.22,0,228.66,3.0,4.159,1,3,1,5,At Risk,0-6,36-45
C1281,42,0,mobile,97.15,1,0.0,1.0,0.0,1,1,1,3,Hibernating,0-6,36-45
C1282,67,7,bundle,75.76,1,530.32,3.0,6.238,1,3,1,5,At Risk,7-12,65+
C1283,40,28,mobile,72.65,0,2034.2,1.0,3.367,2,2,3,7,Potential,25-48,36-45
C1284,48,54,internet,76.4,0,4125.6,2.0,8.015,4,4,4,12,Champions,49+,46-55
C1285,47,2,mobile,92.72,1,185.44,1.0,1.099,1,1,1,3,Hibernating,0-6,46-55
C1286,59,31,bundle,85.18,0,2640.58,3.0,10.397,3,5,3,11,Loyal,25-48,56-65
C1287,52,9,internet,129.58,1,1166.22,2.0,4.605,1,3,2,6,Potential,7-12,46-55
C1288,24,33,tv,16.93,0,558.69,1.0,3.526,3,2,1,6,Potential,25-48,18-25
C1289,33,54,mobile,126.66,1,6839.64,1.0,4.007,4,3,5,12,Champions,49+,26-35
C1290,43,31,internet,128.15,0,3972.65,2.0,6.931,3,4,4,11,Loyal,25-48,36-45
C1291,65,49,mobile,49.89,0,2444.61,1.0,3.912,4,2,3,9,Loyal,49+,56-65
C1292,69,6,internet,74.8,1,448.8,2.0,3.892,1,2,1,4,At Risk,0-6,65+
C1293,66,7,internet,71.4,1,499.8,2.0,4.159,1,3,1,5,At Risk,7-12,65+
C1294,19,64,mobile,40.59,0,2597.76,1.0,4.174,5,3,3,11,Loyal,49+,18-25
C1295,18,56,tv,65.55,0,3670.8,1.0,4.043,4,3,4,11,Loyal,49+,18-25
C1296,65,66,internet,16.21,0,1069.86,2.0,8.409,5,4,2,11,Loyal,49+,56-65
C1297,29,58,internet,48.9,0,2836.2,2.0,8.155,5,4,3,12,Champions,49+,26-35
C1298,22,71,internet,124.34,1,8828.14,2.0,8.553,5,4,5,14,Champions,49+,18-25
C1299,54,53,tv,49.84,0,2641.52,1.0,3.989,4,2,3,9,Loyal,49+,46-55
C1300,49,66,tv,124.55,0,8220.3,1.0,4.205,5,3,5,13,Champions,49+,46-55
C1301,26,50,bundle,84.42,0,4221.0,3.0,11.795,4,5,4,13,Champions,49+,26-35
C1302,58,7,mobile,133.18,1,932.26,1.0,2.079,1,1,2,4,At Risk,7-12,56-65
C1303,52,33,tv,90.47,0,2985.51,1.0,3.526,3,2,4,9,Loyal,25-48,46-55
C1304,36,34,mobile,14.15,0,481.1,1.0,3.555,3,2,1,6,Potential,25-48,36-45
C1305,65,31,bundle,104.56,1,3241.36,3.0,10.397,3,5,4,12,Champions,25-48,56-65
C1306,33,45,mobile,16.28,0,732.6,1.0,3.829,4,2,2,8,Potential,25-48,26-35
C1307,20,15,tv,73.08,0,1096.2,1.0,2.773,2,1,2,5,At Risk,13-24,18-25
C1308,37,67,mobile,140.12,1,9388.04,1.0,4.22,5,3,5,13,Champions,49+,36-45
C1309,41,36,tv,33.13,0,1192.68,1.0,3.611,3,2,2,7,Potential,25-48,36-45
C1310,50,53,mobile,64.58,0,3422.74,1.0,3.989,4,2,4,10,Loyal,49+,46-55
C1311,41,13,tv,112.18,0,1458.34,1.0,2.639,1,1,2,4,At Risk,13-24,36-45
C1312,69,54,tv,133.52,1,7210.08,1.0,4.007,4,3,5,12,Champions,49+,65+
C1313,28,47,mobile,103.93,1,4884.71,1.0,3.871,4,2,5,11,Loyal,25-48,26-35
C1314,66,6,bundle,46.14,1,276.84,3.0,5.838,1,3,1,5,At Risk,0-6,65+
C1315,25,6,internet,104.45,1,626.7,2.0,3.892,1,2,1,4,At Risk,0-6,18-25
C1316,53,32,bundle,51.54,0,1649.28,3.0,10.49,3,5,3,11,Loyal,25-48,46-55
C1317,55,22,mobile,110.58,1,2432.76,1.0,3.135,2,1,3,6,Potential,13-24,46-55
C1318,57,18,bundle,143.56,0,2584.08,3.0,8.833,2,5,3,10,Loyal,13-24,56-65
C1319,37,18,tv,111.0,0,1998.0,1.0,2.944,2,1,3,6,Potential,13-24,36-45
C1320,52,35,internet,130.8,0,4578.0,2.0,7.167,3,4,4,11,Loyal,25-48,46-55
C1321,65,28,mobile,10.29,0,288.12,1.0,3.367,2,2,1,5,At Risk,25-48,56-65
C1322,42,59,mobile,110.46,1,6517.14,1.0,4.094,5,3,5,13,Champions,49+,36-45
C1323,52,1,mobile,126.14,1,126.14,1.0,0.693,1,1,1,3,Hibernating,0-6,46-55
C1324,42,0,internet,15.68,0,0.0,2.0,0.0,1,1,1,3,Hibernating,0-6,36-45
C1325,46,46,tv,132.02,0,6072.92,1.0,3.85,4,2,5,11,Loyal,25-48,46-55
C1326,35,68,mobile,45.94,0,3123.92,1.0,4.234,5,3,4,12,Champions,49+,26-35
C1327,63,19,bundle,103.14,1,1959.66,3.0,8.987,2,5,3,10,Loyal,13-24,56-65
C1328,35,10,mobile,122.05,1,1220.5,1.0,2.398,1,1,2,4,At Risk,7-12,26-35
C1329,19,1,mobile,102.77,1,102.77,1.0,0.693,1,1,1,3,Hibernating,0-6,18-25
C1330,52,66,mobile,22.92,0,1512.72,1.0,4.205,5,3,2,10,Loyal,49+,46-55
C1331,33,11,mobile,93.49,1,1028.39,1.0,2.485,1,1,2,4,At Risk,7-12,26-35
C1332,58,19,tv,86.94,0,1651.86,1.0,2.996,2,1,3,6,Potential,13-24,56-65
C1333,53,4,bundle,136.04,1,544.16,3.0,4.828,1,3,1,5,At Risk,0-6,46-55
C1334,50,36,tv,66.59,0,2397.24,1.0,3.611,3,2,3,8,Potential,25-48,46-55
C1335,21,37,bundle,54.95,0,2033.15,3.0,10.913,3,5,3,11,Loyal,25-48,18-25
C1336,50,8,mobile,114.98,1,919.84,1.0,2.197,1,1,2,4,At Risk,7-12,46-55
C1337,31,52,internet,67.77,0,3524.04,2.0,7.941,4,4,4,12,Champions,49+,26-35
C1338,38,43,tv,100.45,0,4319.35,1.0,3.784,4,2,4,10,Loyal,25-48,36-45
C1339,65,23,internet,100.5,1,2311.5,2.0,6.356,2,3,3,8,Potential,13-24,56-65
C1340,37,29,tv,134.33,0,3895.57,1.0,3.401,3,2,4,9,Loyal,25-48,36-45
C1341,25,58,mobile,93.82,0,5441.56,1.0,4.078,5,3,5,13,Champions,49+,18-25
C1342,24,13,tv,80.3,0,1043.9,1.0,2.639,1,1,2,4,At Risk,13-24,18-25
C1343,20,8,mobile,29.44,1,235.52,1.0,2.197,1,1,1,3,Hibernating,7-12,18-25
C1344,34,39,tv,26.2,0,1021.8,1.0,3.689,3,2,2,7,Potential,25-48,26-35
C1345,50,65,mobile,31.61,0,2054.65,1.0,4.19,5,3,3,11,Loyal,49+,46-55
C1346,65,24,mobile,34.06,0,817.44,1.0,3.219,2,1,2,5,At Risk,13-24,56-65
C1347,29,21,bundle,99.3,0,2085.3,3.0,9.273,2,5,3,10,Loyal,13-24,26-35
C1348,68,3,mobile,113.74,1,341.22,1.0,1.386,1,1,1,3,Hibernating,0-6,65+
C1349,39,25,bundle,84.2,0,2105.0,3.0,9.774,2,5,3,10,Loyal,25-48,36-45
C1350,39,57,mobile,126.06,1,7185.42,1.0,4.06,4,3,5,12,Champions,49+,36-45
C1351,63,28,internet,148.78,1,4165.84,2.0,6.735,2,4,4,10,Loyal,25-48,56-65
C1352,47,36,mobile,124.8,1,4492.8,1.0,3.611,3,2,4,9,Loyal,25-48,46-55
C1353,55,69,internet,107.28,0,7402.32,2.0,8.497,5,4,5,14,Champions,49+,46-55
C1354,55,17,internet,84.55,0,1437.35,2.0,5.781,2,3,2,7,Potential,13-24,46-55
C1355,62,41,mobile,72.84,0,2986.44,1.0,3.738,3,2,4,9,Loyal,25-48,56-65
C1356,68,40,internet,21.81,0,872.4,2.0,7.427,3,4,2,9,Loyal,25-48,65+
C1357,25,37,bundle,65.91,0,2438.67,3.0,10.913,3,5,3,11,Loyal,25-48,18-25
C1358,44,33,tv,137.42,0,4534.86,1.0,3.526,3,2,4,9,Loyal,25-48,36-45
C1359,44,16,mobile,123.12,1,1969.92,1.0,2.833,2,1,3,6,Potential,13-24,36-45
C1360,51,36,internet,40.25,0,1449.0,2.0,7.222,3,4,2,9,Loyal,25-48,46-55
C1361,38,24,mobile,75.33,0,1807.92,1.0,3.219,2,1,3,6,Potential,13-24,36-45
C1362,47,26,bundle,124.34,0,3232.84,3.0,9.888,2,5,4,11,Loyal,25-48,46-55
C1363,50,56,mobile,19.43,0,1088.08,1.0,4.043,4,3,2,9,Loyal,49+,46-55
C1364,45,30,mobile,64.23,0,1926.9,1.0,3.434,3,2,3,8,Potential,25-48,36-45
C1365,64,5,internet,129.26,1,646.3,2.0,3.584,1,2,1,4,At Risk,0-6,56-65
C1366,50,39,bundle,66.55,0,2595.45,3.0,11.067,3,5,3,11,Loyal,25-48,46-55
C1367,22,11,tv,20.87,1,229.57,1.0,2.485,1,1,1,3,Hibernating,7-12,18-25
C1368,65,52,tv,85.95,0,4469.4,1.0,3.97,4,2,4,10,Loyal,49+,56-65
C1369,36,70,internet,130.64,0,9144.8,2.0,8.525,5,4,5,14,Champions,49+,36-45
C1370,21,9,mobile,92.64,1,833.76,1.0,2.303,1,1,2,4,At Risk,7-12,18-25
C1371,52,44,internet,41.68,0,1833.92,2.0,7.613,4,4,3,11,Loyal,25-48,46-55
C1372,66,16,internet,63.79,0,1020.64,2.0,5.666,2,3,2,7,Potential,13-24,65+
C1373,34,25,internet,73.02,0,1825.5,2.0,6.516,2,4,3,9,Loyal,25-48,26-35
C1374,61,61,mobile,91.1,0,5557.1,1.0,4.127,5,3,5,13,Champions,49+,56-65
C1375,45,45,bundle,116.31,0,5233.95,3.0,11.486,4,5,5,14,Champions,25-48,36-45
C1376,47,63,internet,23.84,0,1501.92,2.0,8.318,5,4,2,11,Loyal,49+,46-55
C1377,46,1,mobile,134.55,1,134.55,1.0,0.693,1,1,1,3,Hibernating,0-6,46-55
C1378,63,53,bundle,11.72,0,621.16,3.0,11.967,4,5,1,10,Loyal,49+,56-65
C1379,23,64,internet,61.81,0,3955.84,2.0,8.349,5,4,4,13,Champions,49+,18-25
C1380,52,50,tv,13.84,0,692.0,1.0,3.932,4,2,1,7,Potential,49+,46-55
C1381,58,52,bundle,65.02,0,3381.04,3.0,11.911,4,5,4,13,Champions,49+,56-65
C1382,54,35,internet,83.61,0,2926.35,2.0,7.167,3,4,4,11,Loyal,25-48,46-55
C1383,41,25,bundle,81.64,0,2041.0,3.0,9.774,2,5,3,10,Loyal,25-48,36-45
C1384,46,28,bundle,33.19,0,929.32,3.0,10.102,2,5,2,9,Loyal,25-48,46-55
C1385,66,20,bundle,100.4,1,2008.0,3.0,9.134,2,5,3,10,Loyal,13-24,65+
C1386,63,10,bundle,16.27,1,162.7,3.0,7.194,1,4,1,6,Potential,7-12,56-65
C1387,48,39,bundle,116.67,0,4550.13,3.0,11.067,3,5,4,12,Champions,25-48,46-55
C1388,52,10,bundle,142.53,1,1425.3,3.0,7.194,1,4,2,7,Potential,7-12,46-55
C1389,50,35,internet,57.57,0,2014.95,2.0,7.167,3,4,3,10,Loyal,25-48,46-55
C1390,69,58,tv,82.41,0,4779.78,1.0,4.078,5,3,4,12,Champions,49+,65+
C1391,38,38,mobile,63.05,0,2395.9,1.0,3.664,3,2,3,8,Potential,25-48,36-45
C1392,49,53,bundle,10.94,0,579.82,3.0,11.967,4,5,1,10,Loyal,49+,46-55
C1393,40,54,mobile,64.02,0,3457.08,1.0,4.007,4,3,4,11,Loyal,49+,36-45
C1394,50,23,internet,120.84,0,2779.32,2.0,6.356,2,3,3,8,Potential,13-24,46-55
C1395,20,21,bundle,93.44,0,1962.24,3.0,9.273,2,5,3,10,Loyal,13-24,18-25
C1396,35,68,tv,24.18,0,1644.24,1.0,4.234,5,3,3,11,Loyal,49+,26-35
C1397,42,55,mobile,128.6,1,7073.0,1.0,4.025,4,3,5,12,Champions,49+,36-45
C1398,59,32,bundle,84.35,0,2699.2,3.0,10.49,3,5,3,11,Loyal,25-48,56-65
C1399,48,35,internet,127.84,0,4474.4,2.0,7.167,3,4,4,11,Loyal,25-48,46-55
C1400,20,19,tv,91.23,0,1733.37,1.0,2.996,2,1,3,6,Potential,13-24,18-25
C1401,57,61,mobile,88.36,0,5389.96,1.0,4.127,5,3,5,13,Champions,49+,56-65
C1402,63,25,mobile,24.74,0,618.5,1.0,3.258,2,1,1,4,At Risk,25-48,56-65
C1403,41,65,bundle,33.43,0,2172.95,3.0,12.569,5,5,3,13,Champions,49+,36-45
C1404,67,39,tv,146.08,1,5697.12,1.0,3.689,3,2,5,10,Loyal,25-48,65+
C1405,49,16,tv,41.99,0,671.84,1.0,2.833,2,1,1,4,At Risk,13-24,46-55
C1406,64,0,tv,146.84,1,0.0,1.0,0.0,1,1,1,3,Hibernating,0-6,56-65
C1407,39,60,tv,84.47,0,5068.2,1.0,4.111,5,3,5,13,Champions,49+,36-45
C1408,40,42,internet,29.01,0,1218.42,2.0,7.522,4,4,2,10,Loyal,25-48,36-45
C1409,19,41,tv,23.9,0,979.9,1.0,3.738,3,2,2,7,Potential,25-48,18-25
C1410,44,24,mobile,39.24,0,941.76,1.0,3.219,2,1,2,5,At Risk,13-24,36-45
C1411,59,38,mobile,139.59,1,5304.42,1.0,3.664,3,2,5,10,Loyal,25-48,56-65
C1412,19,34,internet,67.98,0,2311.32,2.0,7.111,3,4,3,10,Loyal,25-48,18-25
C1413,43,2,mobile,65.36,1,130.72,1.0,1.099,1,1,1,3,Hibernating,0-6,36-45
C1414,34,43,mobile,53.85,0,2315.55,1.0,3.784,4,2,3,9,Loyal,25-48,26-35
C1415,57,50,tv,30.59,0,1529.5,1.0,3.932,4,2,2,8,Potential,49+,56-65
C1416,50,11,mobile,78.3,1,861.3,1.0,2.485,1,1,2,4,At Risk,7-12,46-55
C1417,26,18,internet,28.21,0,507.78,2.0,5.889,2,3,1,6,Potential,13-24,26-35
C1418,60,43,tv,126.97,0,5459.71,1.0,3.784,4,2,5,11,Loyal,25-48,56-65
C1419,65,58,bundle,61.86,0,3587.88,3.0,12.233,5,5,4,14,Champions,49+,56-65
C1420,56,48,tv,62.47,0,2998.56,1.0,3.892,4,2,4,10,Loyal,25-48,56-65
C1421,46,60,internet,76.36,0,4581.6,2.0,8.222,5,4,4,13,Champions,49+,46-55
C1422,59,16,tv,72.18,0,1154.88,1.0,2.833,2,1,2,5,At Risk,13-24,56-65
C1423,43,56,tv,149.28,0,8359.68,1.0,4.043,4,3,5,12,Champions,49+,36-45
C1424,52,54,internet,86.35,0,4662.9,2.0,8.015,4,4,4,12,Champions,49+,46-55
C1425,67,46,tv,22.35,0,1028.1,1.0,3.85,4,2,2,8,Potential,25-48,65+
C1426,42,11,internet,94.96,0,1044.56,2.0,4.97,1,3,2,6,Potential,7-12,36-45
C1427,41,61,internet,31.22,0,1904.42,2.0,8.254,5,4,3,12,Champions,49+,36-45
C1428,30,7,bundle,14.33,0,100.31,3.0,6.238,1,3,1,5,At Risk,7-12,26-35
C1429,24,20,mobile,145.9,1,2918.0,1.0,3.045,2,1,3,6,Potential,13-24,18-25
C1430,53,69,mobile,118.3,1,8162.7,1.0,4.248,5,3,5,13,Champions,49+,46-55
C1431,62,71,tv,147.22,1,10452.62,1.0,4.277,5,3,5,13,Champions,49+,56-65
C1432,37,24,tv,76.9,0,1845.6,1.0,3.219,2,1,3,6,Potential,13-24,36-45
C1433,18,11,bundle,84.52,1,929.72,3.0,7.455,1,4,2,7,Potential,7-12,18-25
C1434,25,14,bundle,33.57,0,469.98,3.0,8.124,2,4,1,7,Potential,13-24,18-25
C1435,63,58,bundle,44.57,0,2585.06,3.0,12.233,5,5,3,13,Champions,49+,56-65
C1436,33,25,internet,127.4,0,3185.0,2.0,6.516,2,4,4,10,Loyal,25-48,26-35
C1437,31,25,bundle,59.87,0,1496.75,3.0,9.774,2,5,2,9,Loyal,25-48,26-35
C1438,29,46,bundle,125.75,0,5784.5,3.0,11.55,4,5,5,14,Champions,25-48,26-35
C1439,68,31,tv,109.26,1,3387.06,1.0,3.466,3,2,4,9,Loyal,25-48,65+
C1440,40,9,bundle,34.8,0,313.2,3.0,6.908,1,4,1,6,Potential,7-12,36-45
C1441,32,15,internet,81.04,0,1215.6,2.0,5.545,2,3,2,7,Potential,13-24,26-35
C1442,45,70,internet,104.83,0,7338.1,2.0,8.525,5,4,5,14,Champions,49+,36-45
C1443,51,16,tv,42.91,0,686.56,1.0,2.833,2,1,1,4,At Risk,13-24,46-55
C1444,19,22,bundle,126.3,1,2778.6,3.0,9.406,2,5,3,10,Loyal,13-24,18-25
C1445,49,25,bundle,86.28,0,2157.0,3.0,9.774,2,5,3,10,Loyal,25-48,46-55
C1446,40,6,internet,33.13,0,198.78,2.0,3.892,1,2,1,4,At Risk,0-6,36-45
C1447,39,13,bundle,91.62,0,1191.06,3.0,7.917,1,4,2,7,Potential,13-24,36-45
C1448,68,6,bundle,149.96,1,899.76,3.0,5.838,1,3,2,6,Potential,0-6,65+
C1449,42,8,bundle,31.07,0,248.56,3.0,6.592,1,4,1,6,Potential,7-12,36-45
C1450,39,47,mobile,124.35,1,5844.45,1.0,3.871,4,2,5,11,Loyal,25-48,36-45
C1451,39,71,tv,39.02,0,2770.42,1.0,4.277,5,3,3,11,Loyal,49+,36-45
C1452,66,58,mobile,119.53,1,6932.74,1.0,4.078,5,3,5,13,Champions,49+,65+
C1453,69,38,tv,112.84,1,4287.92,1.0,3.664,3,2,4,9,Loyal,25-48,65+
C1454,59,17,internet,52.07,0,885.19,2.0,5.781,2,3,2,7,Potential,13-24,56-65
C1455,23,58,bundle,55.62,0,3225.96,3.0,12.233,5,5,4,14,Champions,49+,18-25
C1456,32,16,tv,120.95,0,1935.2,1.0,2.833,2,1,3,6,Potential,13-24,26-35
C1457,60,13,mobile,74.6,0,969.8,1.0,2.639,1,1,2,4,At Risk,13-24,56-65
C1458,54,30,bundle,112.31,0,3369.3,3.0,10.302,3,5,4,12,Champions,25-48,46-55
C1459,50,23,internet,30.72,0,706.56,2.0,6.356,2,3,2,7,Potential,13-24,46-55
C1460,25,59,tv,129.36,0,7632.24,1.0,4.094,5,3,5,13,Champions,49+,18-25
C1461,61,44,tv,109.52,1,4818.88,1.0,3.807,4,2,5,11,Loyal,25-48,56-65
C1462,61,2,tv,136.97,1,273.94,1.0,1.099,1,1,1,3,Hibernating,0-6,56-65
C1463,22,36,bundle,28.53,0,1027.08,3.0,10.833,3,5,2,10,Loyal,25-48,18-25
C1464,56,42,mobile,93.02,0,3906.84,1.0,3.761,4,2,4,10,Loyal,25-48,56-65
C1465,21,39,mobile,93.88,0,3661.32,1.0,3.689,3,2,4,9,Loyal,25-48,18-25
C1466,23,54,tv,59.48,0,3211.92,1.0,4.007,4,3,4,11,Loyal,49+,18-25
C1467,62,38,internet,74.19,0,2819.22,2.0,7.327,3,4,3,10,Loyal,25-48,56-65
C1468,49,14,internet,15.32,0,214.48,2.0,5.416,2,3,1,6,Potential,13-24,46-55
C1469,69,3,mobile,114.42,1,343.26,1.0,1.386,1,1,1,3,Hibernating,0-6,65+
C1470,47,24,internet,86.91,0,2085.84,2.0,6.438,2,3,3,8,Potential,13-24,46-55
C1471,64,12,mobile,18.08,0,216.96,1.0,2.565,1,1,1,3,Hibernating,7-12,56-65
C1472,52,32,tv,105.31,0,3369.92,1.0,3.497,3,2,4,9,Loyal,25-48,46-55
C1473,57,15,mobile,75.35,0,1130.25,1.0,2.773,2,1,2,5,At Risk,13-24,56-65
C1474,69,41,mobile,14.82,0,607.62,1.0,3.738,3,2,1,6,Potential,25-48,65+
C1475,33,65,tv,145.75,0,9473.75,1.0,4.19,5,3,5,13,Champions,49+,26-35
C1476,30,54,internet,142.88,0,7715.52,2.0,8.015,4,4,5,13,Champions,49+,26-35
C1477,67,41,mobile,81.81,0,3354.21,1.0,3.738,3,2,4,9,Loyal,25-48,65+
C1478,59,33,mobile,23.11,0,762.63,1.0,3.526,3,2,2,7,Potential,25-48,56-65
C1479,47,29,tv,115.65,0,3353.85,1.0,3.401,3,2,4,9,Loyal,25-48,46-55
C1480,36,12,internet,78.87,0,946.44,2.0,5.13,1,3,2,6,Potential,7-12,36-45
C1481,34,12,mobile,52.34,0,628.08,1.0,2.565,1,1,1,3,Hibernating,7-12,26-35
C1482,36,17,tv,78.8,0,1339.6,1.0,2.89,2,1,2,5,At Risk,13-24,36-45
C1483,45,31,mobile,83.14,0,2577.34,1.0,3.466,3,2,3,8,Potential,25-48,36-45
C1484,43,38,bundle,88.78,0,3373.64,3.0,10.991,3,5,4,12,Champions,25-48,36-45
C1485,54,45,tv,71.77,0,3229.65,1.0,3.829,4,2,4,10,Loyal,25-48,46-55
C1486,43,28,internet,94.81,0,2654.68,2.0,6.735,3,4,3,10,Loyal,25-48,36-45
C1487,40,61,internet,138.62,0,8455.82,2.0,8.254,5,4,5,14,Champions,49+,36-45
C1488,26,61,internet,60.72,0,3703.92,2.0,8.254,5,4,4,13,Champions,49+,26-35
C1489,29,56,internet,111.6,0,6249.6,2.0,8.086,4,4,5,13,Champions,49+,26-35
C1490,18,15,mobile,135.22,1,2028.3,1.0,2.773,2,1,3,6,Potential,13-24,18-25
C1491,18,55,mobile,73.84,0,4061.2,1.0,4.025,4,3,4,11,Loyal,49+,18-25
C1492,64,9,internet,72.08,1,648.72,2.0,4.605,1,3,1,5,At Risk,7-12,56-65
C1493,51,29,internet,94.3,0,2734.7,2.0,6.802,3,4,3,10,Loyal,25-48,46-55
C1494,49,24,internet,92.8,0,2227.2,2.0,6.438,2,3,3,8,Potential,13-24,46-55
C1495,65,4,mobile,122.92,1,491.68,1.0,1.609,1,1,1,3,Hibernating,0-6,56-65
C1496,42,64,internet,76.71,0,4909.44,2.0,8.349,5,4,5,14,Champions,49+,36-45
C1497,57,48,internet,149.46,0,7174.08,2.0,7.784,4,4,5,13,Champions,25-48,56-65
C1498,62,2,bundle,18.33,1,36.66,3.0,3.296,1,2,1,4,At Risk,0-6,56-65
C1499,18,44,bundle,10.44,0,459.36,3.0,11.42,4,5,1,10,Loyal,25-48,18-25
C1500,33,13,internet,99.63,0,1295.19,2.0,5.278,1,3,2,6,Potential,13-24,26-35
C1501,56,29,tv,51.78,0,1501.62,1.0,3.401,3,2,2,7,Potential,25-48,56-65
C1502,22,67,internet,43.65,0,2924.55,2.0,8.439,5,4,4,13,Champions,49+,18-25
C1503,39,17,bundle,53.67,0,912.39,3.0,8.671,2,4,2,8,Potential,13-24,36-45
C1504,46,61,tv,45.85,0,2796.85,1.0,4.127,5,3,3,11,Loyal,49+,46-55
C1505,20,36,tv,14.31,0,515.16,1.0,3.611,3,2,1,6,Potential,25-48,18-25
C1506,29,24,internet,146.01,0,3504.24,2.0,6.438,2,4,4,10,Loyal,13-24,26-35
C1507,43,47,bundle,40.9,0,1922.3,3.0,11.614,4,5,3,12,Champions,25-48,36-45
C1508,33,64,bundle,112.76,0,7216.64,3.0,12.523,5,5,5,15,Champions,49+,26-35
C1509,68,52,tv,116.76,1,6071.52,1.0,3.97,4,2,5,11,Loyal,49+,65+
C1510,54,14,internet,140.1,0,1961.4,2.0,5.416,2,3,3,8,Potential,13-24,46-55
C1511,39,48,mobile,14.28,0,685.44,1.0,3.892,4,2,1,7,Potential,25-48,36-45
C1512,46,67,mobile,132.09,1,8850.03,1.0,4.22,5,3,5,13,Champions,49+,46-55
C1513,31,11,bundle,83.81,0,921.91,3.0,7.455,1,4,2,7,Potential,7-12,26-35
C1514,45,58,mobile,98.56,0,5716.48,1.0,4.078,5,3,5,13,Champions,49+,36-45
C1515,22,36,bundle,100.23,1,3608.28,3.0,10.833,3,5,4,12,Champions,25-48,18-25
C1516,64,60,bundle,124.77,1,7486.2,3.0,12.333,5,5,5,15,Champions,49+,56-65
C1517,66,42,bundle,56.68,0,2380.56,3.0,11.284,4,5,3,12,Champions,25-48,65+
C1518,47,69,mobile,112.63,1,7771.47,1.0,4.248,5,3,5,13,Champions,49+,46-55
C1519,63,38,bundle,84.0,0,3192.0,3.0,10.991,3,5,4,12,Champions,25-48,56-65
C1520,69,55,tv,121.08,1,6659.4,1.0,4.025,4,3,5,12,Champions,49+,65+
C1521,22,62,internet,148.68,1,9218.16,2.0,8.286,5,4,5,14,Champions,49+,18-25
C1522,29,45,internet,38.09,0,1714.05,2.0,7.657,4,4,3,11,Loyal,25-48,26-35
C1523,33,10,bundle,149.25,1,1492.5,3.0,7.194,1,4,2,7,Potential,7-12,26-35
C1524,43,61,internet,22.57,0,1376.77,2.0,8.254,5,4,2,11,Loyal,49+,36-45
C1525,43,24,mobile,10.32,0,247.68,1.0,3.219,2,1,1,4,At Risk,13-24,36-45
C1526,65,70,mobile,16.18,0,1132.6,1.0,4.263,5,3,2,10,Loyal,49+,56-65
C1527,38,51,internet,57.85,0,2950.35,2.0,7.902,4,4,4,12,Champions,49+,36-45
C1528,56,3,mobile,98.61,1,295.83,1.0,1.386,1,1,1,3,Hibernating,0-6,56-65
C1529,53,58,internet,19.66,0,1140.28,2.0,8.155,5,4,2,11,Loyal,49+,46-55
C1530,50,71,internet,10.79,0,766.09,2.0,8.553,5,4,2,11,Loyal,49+,46-55
C1531,47,19,internet,141.19,0,2682.61,2.0,5.991,2,3,3,8,Potential,13-24,46-55
C1532,54,62,bundle,125.07,0,7754.34,3.0,12.429,5,5,5,15,Champions,49+,46-55
C1533,40,53,internet,123.29,0,6534.37,2.0,7.978,4,4,5,13,Champions,49+,36-45
C1534,27,56,bundle,133.82,0,7493.92,3.0,12.129,4,5,5,14,Champions,49+,26-35
C1535,22,40,internet,108.0,1,4320.0,2.0,7.427,3,4,4,11,Loyal,25-48,18-25
C1536,53,2,internet,24.62,0,49.24,2.0,2.197,1,1,1,3,Hibernating,0-6,46-55
C1537,51,5,internet,65.87,0,329.35,2.0,3.584,1,2,1,4,At Risk,0-6,46-55
C1538,69,4,mobile,111.24,1,444.96,1.0,1.609,1,1,1,3,Hibernating,0-6,65+
C1539,48,4,bundle,49.25,0,197.0,3.0,4.828,1,3,1,5,At Risk,0-6,46-55
C1540,27,53,bundle,106.24,0,5630.72,3.0,11.967,4,5,5,14,Champions,49+,26-35
C1541,36,46,internet,13.43,0,617.78,2.0,7.7,4,4,1,9,Loyal,25-48,36-45
C1542,49,48,internet,52.86,0,2537.28,2.0,7.784,4,4,3,11,Loyal,25-48,46-55
C1543,18,8,mobile,86.88,1,695.04,1.0,2.197,1,1,1,3,Hibernating,7-12,18-25
C1544,22,19,mobile,98.49,0,1871.31,1.0,2.996,2,1,3,6,Potential,13-24,18-25
C1545,62,60,mobile,90.79,0,5447.4,1.0,4.111,5,3,5,13,Champions,49+,56-65
C1546,21,34,bundle,107.69,1,3661.46,3.0,10.666,3,5,4,12,Champions,25-48,18-25
C1547,33,49,bundle,10.85,0,531.65,3.0,11.736,4,5,1,10,Loyal,49+,26-35
C1548,41,61,bundle,24.13,0,1471.93,3.0,12.381,5,5,2,12,Champions,49+,36-45
C1549,33,16,internet,131.65,0,2106.4,2.0,5.666,2,3,3,8,Potential,13-24,26-35
C1550,19,2,bundle,105.44,1,210.88,3.0,3.296,1,2,1,4,At Risk,0-6,18-25
C1551,66,31,tv,25.81,0,800.11,1.0,3.466,3,2,2,7,Potential,25-48,65+
C1552,45,12,tv,127.89,0,1534.68,1.0,2.565,1,1,2,4,At Risk,7-12,36-45
C1553,49,67,mobile,43.91,0,2941.97,1.0,4.22,5,3,4,12,Champions,49+,46-55
C1554,44,13,bundle,76.96,0,1000.48,3.0,7.917,1,4,2,7,Potential,13-24,36-45
C1555,37,10,tv,30.33,0,303.3,1.0,2.398,1,1,1,3,Hibernating,7-12,36-45
C1556,41,55,mobile,109.42,1,6018.1,1.0,4.025,4,3,5,12,Champions,49+,36-45
C1557,29,66,bundle,103.36,0,6821.76,3.0,12.614,5,5,5,15,Champions,49+,26-35
C1558,67,28,internet,39.56,0,1107.68,2.0,6.735,3,4,2,9,Loyal,25-48,65+
C1559,52,8,tv,130.88,1,1047.04,1.0,2.197,1,1,2,4,At Risk,7-12,46-55
C1560,50,66,internet,66.18,0,4367.88,2.0,8.409,5,4,4,13,Champions,49+,46-55
C1561,50,24,bundle,50.95,0,1222.8,3.0,9.657,2,5,2,9,Loyal,13-24,46-55
C1562,68,41,tv,31.33,0,1284.53,1.0,3.738,3,2,2,7,Potential,25-48,65+
C1563,60,8,bundle,47.26,0,378.08,3.0,6.592,1,4,1,6,Potential,7-12,56-65
C1564,54,39,internet,13.08,0,510.12,2.0,7.378,3,4,1,8,Potential,25-48,46-55
C1565,29,24,tv,91.66,0,2199.84,1.0,3.219,2,1,3,6,Potential,13-24,26-35
C1566,20,4,internet,127.91,1,511.64,2.0,3.219,1,1,1,3,Hibernating,0-6,18-25
C1567,18,10,bundle,86.86,1,868.6,3.0,7.194,1,4,2,7,Potential,7-12,18-25
C1568,50,58,bundle,40.7,0,2360.6,3.0,12.233,5,5,3,13,Champions,49+,46-55
C1569,57,37,internet,14.71,0,544.27,2.0,7.275,3,4,1,8,Potential,25-48,56-65
C1570,27,71,tv,40.05,0,2843.55,1.0,4.277,5,3,3,11,Loyal,49+,26-35
C1571,60,4,internet,68.26,0,273.04,2.0,3.219,1,1,1,3,Hibernating,0-6,56-65
C1572,61,47,bundle,116.35,1,5468.45,3.0,11.614,4,5,5,14,Champions,25-48,56-65
C1573,46,17,internet,36.3,0,617.1,2.0,5.781,2,3,1,6,Potential,13-24,46-55
C1574,30,69,bundle,110.77,0,7643.13,3.0,12.745,5,5,5,15,Champions,49+,26-35
C1575,29,36,internet,131.37,0,4729.32,2.0,7.222,3,4,4,11,Loyal,25-48,26-35
C1576,48,59,tv,73.55,0,4339.45,1.0,4.094,5,3,4,12,Champions,49+,46-55
C1577,63,47,tv,125.0,1,5875.0,1.0,3.871,4,2,5,11,Loyal,25-48,56-65
C1578,19,27,internet,87.65,0,2366.55,2.0,6.664,2,4,3,9,Loyal,25-48,18-25
C1579,68,68,internet,99.19,0,6744.92,2.0,8.468,5,4,5,14,Champions,49+,65+
C1580,67,39,tv,83.68,0,3263.52,1.0,3.689,3,2,4,9,Loyal,25-48,65+
C1581,52,44,bundle,74.84,0,3292.96,3.0,11.42,4,5,4,13,Champions,25-48,46-55
C1582,40,61,tv,42.85,0,2613.85,1.0,4.127,5,3,3,11,Loyal,49+,36-45
C1583,34,57,bundle,52.45,0,2989.65,3.0,12.181,4,5,4,13,Champions,49+,26-35
C1584,43,66,internet,50.6,0,3339.6,2.0,8.409,5,4,4,13,Champions,49+,36-45
C1585,25,55,internet,88.86,0,4887.3,2.0,8.051,4,4,5,13,Champions,49+,18-25
C1586,46,39,bundle,26.79,0,1044.81,3.0,11.067,3,5,2,10,Loyal,25-48,46-55
C1587,43,39,internet,138.35,0,5395.65,2.0,7.378,3,4,5,12,Champions,25-48,36-45
C1588,27,32,bundle,110.89,0,3548.48,3.0,10.49,3,5,4,12,Champions,25-48,26-35
C1589,43,5,mobile,66.2,1,331.0,1.0,1.792,1,1,1,3,Hibernating,0-6,36-45
C1590,51,18,tv,32.21,0,579.78,1.0,2.944,2,1,1,4,At Risk,13-24,46-55
C1591,68,39,mobile,133.48,1,5205.72,1.0,3.689,3,2,5,10,Loyal,25-48,65+
C1592,58,58,bundle,125.33,0,7269.14,3.0,12.233,5,5,5,15,Champions,49+,56-65
C1593,24,58,tv,111.04,1,6440.32,1.0,4.078,5,3,5,13,Champions,49+,18-25
C1594,21,47,bundle,48.02,0,2256.94,3.0,11.614,4,5,3,12,Champions,25-48,18-25
C1595,67,40,tv,66.34,0,2653.6,1.0,3.714,3,2,3,8,Potential,25-48,65+
C1596,62,12,tv,24.38,0,292.56,1.0,2.565,1,1,1,3,Hibernating,7-12,56-65
C1597,28,44,tv,36.47,0,1604.68,1.0,3.807,4,2,2,8,Potential,25-48,26-35
C1598,46,52,tv,119.62,0,6220.24,1.0,3.97,4,2,5,11,Loyal,49+,46-55
C1599,53,41,bundle,110.11,0,4514.51,3.0,11.213,3,5,4,12,Champions,25-48,46-55
C1600,42,62,tv,93.09,0,5771.58,1.0,4.143,5,3,5,13,Champions,49+,36-45
C1601,38,26,tv,135.4,0,3520.4,1.0,3.296,2,2,4,8,Potential,25-48,36-45
C1602,53,37,mobile,91.66,0,3391.42,1.0,3.638,3,2,4,9,Loyal,25-48,46-55
C1603,27,59,internet,75.38,0,4447.42,2.0,8.189,5,4,4,13,Champions,49+,26-35
C1604,54,6,internet,57.65,0,345.9,2.0,3.892,1,2,1,4,At Risk,0-6,46-55
C1605,26,4,mobile,141.66,1,566.64,1.0,1.609,1,1,1,3,Hibernating,0-6,26-35
C1606,41,44,mobile,21.58,0,949.52,1.0,3.807,4,2,2,8,Potential,25-48,36-45
C1607,52,57,bundle,140.32,0,7998.24,3.0,12.181,4,5,5,14,Champions,49+,46-55
C1608,66,30,bundle,125.74,1,3772.2,3.0,10.302,3,5,4,12,Champions,25-48,65+
C1609,52,22,bundle,28.19,0,620.18,3.0,9.406,2,5,1,8,Potential,13-24,46-55
C1610,65,41,mobile,89.1,0,3653.1,1.0,3.738,3,2,4,9,Loyal,25-48,56-65
C1611,53,9,mobile,131.32,1,1181.88,1.0,2.303,1,1,2,4,At Risk,7-12,46-55
C1612,35,31,tv,90.05,0,2791.55,1.0,3.466,3,2,3,8,Potential,25-48,26-35
C1613,66,52,bundle,137.01,1,7124.52,3.0,11.911,4,5,5,14,Champions,49+,65+
C1614,56,29,bundle,142.02,0,4118.58,3.0,10.204,3,5,4,12,Champions,25-48,56-65
C1615,49,38,bundle,69.13,0,2626.94,3.0,10.991,3,5,3,11,Loyal,25-48,46-55
C1616,41,30,internet,62.82,0,1884.6,2.0,6.868,3,4,3,10,Loyal,25-48,36-45
C1617,40,1,tv,141.08,1,141.08,1.0,0.693,1,1,1,3,Hibernating,0-6,36-45
C1618,49,11,bundle,104.52,1,1149.72,3.0,7.455,1,4,2,7,Potential,7-12,46-55
C1619,54,38,bundle,26.24,0,997.12,3.0,10.991,3,5,2,10,Loyal,25-48,46-55
C1620,29,65,bundle,15.92,0,1034.8,3.0,12.569,5,5,2,12,Champions,49+,26-35
C1621,66,12,internet,89.05,0,1068.6,2.0,5.13,1,3,2,6,Potential,7-12,65+
C1622,30,45,internet,140.22,0,6309.9,2.0,7.657,4,4,5,13,Champions,25-48,26-35
C1623,40,26,mobile,128.19,1,3332.94,1.0,3.296,2,2,4,8,Potential,25-48,36-45
C1624,42,16,tv,104.62,0,1673.92,1.0,2.833,2,1,3,6,Potential,13-24,36-45
C1625,52,59,mobile,29.48,0,1739.32,1.0,4.094,5,3,3,11,Loyal,49+,46-55
C1626,58,63,tv,45.59,0,2872.17,1.0,4.159,5,3,3,11,Loyal,49+,56-65
C1627,47,34,internet,132.57,0,4507.38,2.0,7.111,3,4,4,11,Loyal,25-48,46-55
C1628,34,69,bundle,35.59,0,2455.71,3.0,12.745,5,5,3,13,Champions,49+,26-35
C1629,66,29,mobile,48.98,0,1420.42,1.0,3.401,3,2,2,7,Potential,25-48,65+
C1630,37,70,bundle,28.14,0,1969.8,3.0,12.788,5,5,3,13,Champions,49+,36-45
C1631,65,62,mobile,104.66,1,6488.92,1.0,4.143,5,3,5,13,Champions,49+,56-65
C1632,42,27,internet,142.16,0,3838.32,2.0,6.664,2,4,4,10,Loyal,25-48,36-45
C1633,39,59,internet,47.66,0,2811.94,2.0,8.189,5,4,3,12,Champions,49+,36-45
C1634,30,36,internet,76.56,0,2756.16,2.0,7.222,3,4,3,10,Loyal,25-48,26-35
C1635,36,21,mobile,98.81,0,2075.01,1.0,3.091,2,1,3,6,Potential,13-24,36-45
C1636,66,67,tv,149.93,1,10045.31,1.0,4.22,5,3,5,13,Champions,49+,65+
C1637,53,19,mobile,24.67,0,468.73,1.0,2.996,2,1,1,4,At Risk,13-24,46-55
C1638,29,67,tv,79.8,0,5346.6,1.0,4.22,5,3,5,13,Champions,49+,26-35
C1639,58,63,mobile,63.92,0,4026.96,1.0,4.159,5,3,4,12,Champions,49+,56-65
C1640,36,16,mobile,131.21,1,2099.36,1.0,2.833,2,1,3,6,Potential,13-24,36-45
C1641,29,11,internet,76.64,0,843.04,2.0,4.97,1,3,2,6,Potential,7-12,26-35
C1642,26,21,bundle,25.54,0,536.34,3.0,9.273,2,5,1,8,Potential,13-24,26-35
C1643,24,16,bundle,98.82,0,1581.12,3.0,8.5,2,4,2,8,Potential,13-24,18-25
C1644,45,9,tv,117.91,1,1061.19,1.0,2.303,1,1,2,4,At Risk,7-12,36-45
C1645,31,64,bundle,10.4,0,665.6,3.0,12.523,5,5,1,11,Loyal,49+,26-35
C1646,48,21,mobile,130.25,1,2735.25,1.0,3.091,2,1,3,6,Potential,13-24,46-55
C1647,69,49,mobile,36.04,0,1765.96,1.0,3.912,4,2,3,9,Loyal,49+,65+
C1648,36,13,internet,87.29,0,1134.77,2.0,5.278,1,3,2,6,Potential,13-24,36-45
C1649,64,63,internet,68.21,0,4297.23,2.0,8.318,5,4,4,13,Champions,49+,56-65
C1650,33,46,bundle,110.75,0,5094.5,3.0,11.55,4,5,5,14,Champions,25-48,26-35
C1651,22,28,tv,61.96,0,1734.88,1.0,3.367,3,2,3,8,Potential,25-48,18-25
C1652,52,35,bundle,131.77,0,4611.95,3.0,10.751,3,5,4,12,Champions,25-48,46-55
C1653,29,51,bundle,112.27,0,5725.77,3.0,11.854,4,5,5,14,Champions,49+,26-35
C1654,42,6,bundle,100.68,1,604.08,3.0,5.838,1,3,1,5,At Risk,0-6,36-45
C1655,69,28,bundle,121.47,1,3401.16,3.0,10.102,3,5,4,12,Champions,25-48,65+
C1656,38,10,mobile,115.56,1,1155.6,1.0,2.398,1,1,2,4,At Risk,7-12,36-45
C1657,53,32,tv,15.03,0,480.96,1.0,3.497,3,2,1,6,Potential,25-48,46-55
C1658,40,5,mobile,65.26,1,326.3,1.0,1.792,1,1,1,3,Hibernating,0-6,36-45
C1659,33,31,tv,140.31,0,4349.61,1.0,3.466,3,2,4,9,Loyal,25-48,26-35
C1660,56,50,internet,27.6,0,1380.0,2.0,7.864,4,4,2,10,Loyal,49+,56-65
C1661,62,57,bundle,113.19,1,6451.83,3.0,12.181,4,5,5,14,Champions,49+,56-65
C1662,59,25,mobile,146.44,1,3661.0,1.0,3.258,2,1,4,7,Potential,25-48,56-65
C1663,56,45,tv,17.31,0,778.95,1.0,3.829,4,2,2,8,Potential,25-48,56-65
C1664,31,28,internet,105.51,0,2954.28,2.0,6.735,3,4,4,11,Loyal,25-48,26-35
C1665,48,3,internet,75.54,0,226.62,2.0,2.773,1,1,1,3,Hibernating,0-6,46-55
C1666,22,12,bundle,91.08,0,1092.96,3.0,7.695,1,4,2,7,Potential,7-12,18-25
C1667,52,38,tv,21.95,0,834.1,1.0,3.664,3,2,2,7,Potential,25-48,46-55
C1668,40,14,mobile,16.02,0,224.28,1.0,2.708,2,1,1,4,At Risk,13-24,36-45
C1669,46,28,bundle,103.36,0,2894.08,3.0,10.102,3,5,3,11,Loyal,25-48,46-55
C1670,60,28,mobile,125.26,1,3507.28,1.0,3.367,3,2,4,9,Loyal,25-48,56-65
C1671,28,31,internet,119.48,0,3703.88,2.0,6.931,3,4,4,11,Loyal,25-48,26-35
C1672,35,1,mobile,86.13,1,86.13,1.0,0.693,1,1,1,3,Hibernating,0-6,26-35
C1673,64,46,mobile,23.98,0,1103.08,1.0,3.85,4,2,2,8,Potential,25-48,56-65
C1674,29,21,bundle,106.33,0,2232.93,3.0,9.273,2,5,3,10,Loyal,13-24,26-35
C1675,26,26,mobile,43.86,0,1140.36,1.0,3.296,2,2,2,6,Potential,25-48,26-35
C1676,27,66,bundle,137.55,0,9078.3,3.0,12.614,5,5,5,15,Champions,49+,26-35
C1677,61,55,internet,127.36,1,7004.8,2.0,8.051,4,4,5,13,Champions,49+,56-65
C1678,34,20,bundle,109.31,0,2186.2,3.0,9.134,2,5,3,10,Loyal,13-24,26-35
C1679,55,46,bundle,142.84,0,6570.64,3.0,11.55,4,5,5,14,Champions,25-48,46-55
C1680,24,58,tv,14.4,0,835.2,1.0,4.078,5,3,2,10,Loyal,49+,18-25
C1681,63,5,mobile,113.07,1,565.35,1.0,1.792,1,1,1,3,Hibernating,0-6,56-65
C1682,30,18,internet,56.23,0,1012.14,2.0,5.889,2,3,2,7,Potential,13-24,26-35
C1683,57,56,bundle,136.85,0,7663.6,3.0,12.129,4,5,5,14,Champions,49+,56-65
C1684,59,68,internet,47.33,0,3218.44,2.0,8.468,5,4,4,13,Champions,49+,56-65
C1685,26,2,tv,111.48,1,222.96,1.0,1.099,1,1,1,3,Hibernating,0-6,26-35
C1686,67,0,mobile,132.87,1,0.0,1.0,0.0,1,1,1,3,Hibernating,0-6,65+
C1687,44,57,bundle,15.83,0,902.31,3.0,12.181,4,5,2,11,Loyal,49+,36-45
C1688,19,37,mobile,65.67,0,2429.79,1.0,3.638,3,2,3,8,Potential,25-48,18-25
C1689,22,14,tv,116.72,1,1634.08,1.0,2.708,2,1,3,6,Potential,13-24,18-25
C1690,46,33,tv,73.69,0,2431.77,1.0,3.526,3,2,3,8,Potential,25-48,46-55
C1691,54,60,internet,47.42,0,2845.2,2.0,8.222,5,4,3,12,Champions,49+,46-55
C1692,55,34,bundle,40.77,0,1386.18,3.0,10.666,3,5,2,10,Loyal,25-48,46-55
C1693,36,63,internet,28.41,0,1789.83,2.0,8.318,5,4,3,12,Champions,49+,36-45
C1694,25,24,tv,130.0,0,3120.0,1.0,3.219,2,1,4,7,Potential,13-24,18-25
C1695,65,23,mobile,90.55,0,2082.65,1.0,3.178,2,1,3,6,Potential,13-24,56-65
C1696,62,11,internet,20.69,1,227.59,2.0,4.97,1,3,1,5,At Risk,7-12,56-65
C1697,18,17,internet,63.56,0,1080.52,2.0,5.781,2,3,2,7,Potential,13-24,18-25
C1698,39,14,mobile,61.48,0,860.72,1.0,2.708,2,1,2,5,At Risk,13-24,36-45
C1699,69,26,internet,35.44,0,921.44,2.0,6.592,2,4,2,8,Potential,25-48,65+
C1700,34,71,mobile,70.97,0,5038.87,1.0,4.277,5,3,5,13,Champions,49+,26-35
C1701,24,59,bundle,56.49,0,3332.91,3.0,12.283,5,5,4,14,Champions,49+,18-25
C1702,42,45,mobile,57.85,0,2603.25,1.0,3.829,4,2,3,9,Loyal,25-48,36-45
C1703,62,16,bundle,113.46,1,1815.36,3.0,8.5,2,4,3,9,Loyal,13-24,56-65
C1704,21,52,mobile,41.26,0,2145.52,1.0,3.97,4,2,3,9,Loyal,49+,18-25
C1705,53,7,tv,99.86,0,699.02,1.0,2.079,1,1,2,4,At Risk,7-12,46-55
C1706,23,26,tv,89.89,0,2337.14,1.0,3.296,2,2,3,7,Potential,25-48,18-25
C1707,48,45,bundle,89.53,0,4028.85,3.0,11.486,4,5,4,13,Champions,25-48,46-55
C1708,36,49,bundle,102.82,0,5038.18,3.0,11.736,4,5,5,14,Champions,49+,36-45
C1709,61,70,tv,86.77,0,6073.9,1.0,4.263,5,3,5,13,Champions,49+,56-65
C1710,56,2,bundle,133.1,1,266.2,3.0,3.296,1,2,1,4,At Risk,0-6,56-65
C1711,44,63,mobile,104.58,1,6588.54,1.0,4.159,5,3,5,13,Champions,49+,36-45
C1712,27,43,mobile,86.57,0,3722.51,1.0,3.784,4,2,4,10,Loyal,25-48,26-35
C1713,43,52,tv,126.17,0,6560.84,1.0,3.97,4,2,5,11,Loyal,49+,36-45
C1714,36,23,internet,94.86,0,2181.78,2.0,6.356,2,3,3,8,Potential,13-24,36-45
C1715,56,59,mobile,50.76,0,2994.84,1.0,4.094,5,3,4,12,Champions,49+,56-65
C1716,20,2,bundle,38.99,1,77.98,3.0,3.296,1,2,1,4,At Risk,0-6,18-25
C1717,62,19,internet,31.33,0,595.27,2.0,5.991,2,3,1,6,Potential,13-24,56-65
C1718,30,45,internet,135.92,0,6116.4,2.0,7.657,4,4,5,13,Champions,25-48,26-35
C1719,67,14,mobile,109.42,1,1531.88,1.0,2.708,2,1,2,5,At Risk,13-24,65+
C1720,45,24,mobile,141.23,1,3389.52,1.0,3.219,2,1,4,7,Potential,13-24,36-45
C1721,37,70,internet,94.46,0,6612.2,2.0,8.525,5,4,5,14,Champions,49+,36-45
C1722,45,16,internet,76.28,0,1220.48,2.0,5.666,2,3,2,7,Potential,13-24,36-45
C1723,25,8,tv,18.36,0,146.88,1.0,2.197,1,1,1,3,Hibernating,7-12,18-25
C1724,58,37,bundle,104.03,0,3849.11,3.0,10.913,3,5,4,12,Champions,25-48,56-65
C1725,56,47,tv,91.51,0,4300.97,1.0,3.871,4,2,4,10,Loyal,25-48,56-65
C1726,18,59,mobile,148.63,1,8769.17,1.0,4.094,5,3,5,13,Champions,49+,18-25
C1727,20,62,tv,43.48,0,2695.76,1.0,4.143,5,3,3,11,Loyal,49+,18-25
C1728,30,1,tv,84.3,0,84.3,1.0,0.693,1,1,1,3,Hibernating,0-6,26-35
C1729,45,71,tv,101.13,0,7180.23,1.0,4.277,5,3,5,13,Champions,49+,36-45
C1730,66,10,tv,100.24,1,1002.4,1.0,2.398,1,1,2,4,At Risk,7-12,65+
C1731,42,63,bundle,88.58,0,5580.54,3.0,12.477,5,5,5,15,Champions,49+,36-45
C1732,50,71,bundle,118.77,0,8432.67,3.0,12.83,5,5,5,15,Champions,49+,46-55
C1733,55,20,internet,38.7,0,774.0,2.0,6.089,2,3,2,7,Potential,13-24,46-55
C1734,23,17,mobile,111.59,1,1897.03,1.0,2.89,2,1,3,6,Potential,13-24,18-25
C1735,61,63,tv,96.76,0,6095.88,1.0,4.159,5,3,5,13,Champions,49+,56-65
C1736,62,37,internet,135.45,1,5011.65,2.0,7.275,3,4,5,12,Champions,25-48,56-65
C1737,49,31,internet,128.61,0,3986.91,2.0,6.931,3,4,4,11,Loyal,25-48,46-55
C1738,62,10,internet,54.12,1,541.2,2.0,4.796,1,3,1,5,At Risk,7-12,56-65
C1739,64,44,bundle,48.67,0,2141.48,3.0,11.42,4,5,3,12,Champions,25-48,56-65
C1740,38,32,tv,147.43,0,4717.76,1.0,3.497,3,2,4,9,Loyal,25-48,36-45
C1741,33,40,tv,83.82,0,3352.8,1.0,3.714,3,2,4,9,Loyal,25-48,26-35
C1742,38,7,mobile,136.9,1,958.3,1.0,2.079,1,1,2,4,At Risk,7-12,36-45
C1743,28,10,tv,32.94,0,329.4,1.0,2.398,1,1,1,3,Hibernating,7-12,26-35
C1744,54,50,tv,99.99,0,4999.5,1.0,3.932,4,2,5,11,Loyal,49+,46-55
C1745,53,40,internet,123.38,0,4935.2,2.0,7.427,3,4,5,12,Champions,25-48,46-55
C1746,52,16,mobile,142.64,1,2282.24,1.0,2.833,2,1,3,6,Potential,13-24,46-55
C1747,36,45,tv,57.23,0,2575.35,1.0,3.829,4,2,3,9,Loyal,25-48,36-45
C1748,37,31,bundle,111.5,0,3456.5,3.0,10.397,3,5,4,12,Champions,25-48,36-45
C1749,35,53,tv,85.43,0,4527.79,1.0,3.989,4,2,4,10,Loyal,49+,26-35
C1750,64,19,internet,18.49,0,351.31,2.0,5.991,2,3,1,6,Potential,13-24,56-65
C1751,58,32,bundle,106.6,0,3411.2,3.0,10.49,3,5,4,12,Champions,25-48,56-65
C1752,66,39,internet,106.61,1,4157.79,2.0,7.378,3,4,4,11,Loyal,25-48,65+
C1753,31,31,tv,140.28,0,4348.68,1.0,3.466,3,2,4,9,Loyal,25-48,26-35
C1754,32,1,bundle,79.62,0,79.62,3.0,2.079,1,1,1,3,Hibernating,0-6,26-35
C1755,48,32,mobile,42.24,0,1351.68,1.0,3.497,3,2,2,7,Potential,25-48,46-55
C1756,18,29,mobile,16.24,0,470.96,1.0,3.401,3,2,1,6,Potential,25-48,18-25
C1757,20,32,bundle,68.19,0,2182.08,3.0,10.49,3,5,3,11,Loyal,25-48,18-25
C1758,33,25,bundle,52.27,0,1306.75,3.0,9.774,2,5,2,9,Loyal,25-48,26-35
C1759,40,21,internet,116.55,0,2447.55,2.0,6.182,2,3,3,8,Potential,13-24,36-45
C1760,28,65,bundle,59.6,0,3874.0,3.0,12.569,5,5,4,14,Champions,49+,26-35
C1761,29,37,internet,142.87,0,5286.19,2.0,7.275,3,4,5,12,Champions,25-48,26-35
C1762,27,45,tv,144.72,0,6512.4,1.0,3.829,4,2,5,11,Loyal,25-48,26-35
C1763,49,14,internet,96.93,0,1357.02,2.0,5.416,2,3,2,7,Potential,13-24,46-55
C1764,33,43,bundle,140.01,0,6020.43,3.0,11.353,4,5,5,14,Champions,25-48,26-35
C1765,25,48,bundle,116.52,0,5592.96,3.0,11.675,4,5,5,14,Champions,25-48,18-25
C1766,55,60,tv,86.56,0,5193.6,1.0,4.111,5,3,5,13,Champions,49+,46-55
C1767,29,66,bundle,35.24,0,2325.84,3.0,12.614,5,5,3,13,Champions,49+,26-35
C1768,41,5,bundle,74.2,0,371.0,3.0,5.375,1,3,1,5,At Risk,0-6,36-45
C1769,45,8,mobile,88.52,1,708.16,1.0,2.197,1,1,2,4,At Risk,7-12,36-45
C1770,25,5,mobile,130.95,1,654.75,1.0,1.792,1,1,1,3,Hibernating,0-6,18-25
C1771,45,31,tv,77.39,0,2399.09,1.0,3.466,3,2,3,8,Potential,25-48,36-45
C1772,53,40,internet,135.67,0,5426.8,2.0,7.427,3,4,5,12,Champions,25-48,46-55
C1773,43,7,mobile,104.41,1,730.87,1.0,2.079,1,1,2,4,At Risk,7-12,36-45
C1774,25,71,internet,29.18,0,2071.78,2.0,8.553,5,4,3,12,Champions,49+,18-25
C1775,67,49,bundle,149.3,1,7315.7,3.0,11.736,4,5,5,14,Champions,49+,65+
C1776,45,61,mobile,83.81,0,5112.41,1.0,4.127,5,3,5,13,Champions,49+,36-45
C1777,45,61,tv,64.86,0,3956.46,1.0,4.127,5,3,4,12,Champions,49+,36-45
C1778,54,6,tv,102.28,1,613.68,1.0,1.946,1,1,1,3,Hibernating,0-6,46-55
C1779,58,3,tv,25.25,0,75.75,1.0,1.386,1,1,1,3,Hibernating,0-6,56-65
C1780,53,5,mobile,99.12,1,495.6,1.0,1.792,1,1,1,3,Hibernating,0-6,46-55
C1781,44,57,internet,79.75,0,4545.75,2.0,8.121,5,4,4,13,Champions,49+,36-45
C1782,34,21,bundle,66.93,0,1405.53,3.0,9.273,2,5,2,9,Loyal,13-24,26-35
C1783,26,25,internet,143.42,0,3585.5,2.0,6.516,2,4,4,10,Loyal,25-48,26-35
C1784,50,2,internet,83.16,0,166.32,2.0,2.197,1,1,1,3,Hibernating,0-6,46-55
C1785,37,40,bundle,40.68,0,1627.2,3.0,11.141,3,5,3,11,Loyal,25-48,36-45
C1786,30,59,bundle,74.25,0,4380.75,3.0,12.283,5,5,4,14,Champions,49+,26-35
C1787,45,13,mobile,138.71,1,1803.23,1.0,2.639,1,1,3,5,At Risk,13-24,36-45
C1788,65,11,mobile,34.65,1,381.15,1.0,2.485,1,1,1,3,Hibernating,7-12,56-65
C1789,46,11,mobile,39.95,1,439.45,1.0,2.485,1,1,1,3,Hibernating,7-12,46-55
C1790,30,12,mobile,11.82,0,141.84,1.0,2.565,1,1,1,3,Hibernating,7-12,26-35
C1791,63,24,mobile,11.99,0,287.76,1.0,3.219,2,1,1,4,At Risk,13-24,56-65
C1792,52,44,bundle,126.11,0,5548.84,3.0,11.42,4,5,5,14,Champions,25-48,46-55
C1793,23,18,internet,112.5,1,2025.0,2.0,5.889,2,3,3,8,Potential,13-24,18-25
C1794,35,54,mobile,59.71,0,3224.34,1.0,4.007,4,3,4,11,Loyal,49+,26-35
C1795,68,44,mobile,107.76,1,4741.44,1.0,3.807,4,2,4,10,Loyal,25-48,65+
C1796,22,7,internet,65.33,1,457.31,2.0,4.159,1,3,1,5,At Risk,7-12,18-25
C1797,64,52,mobile,143.41,1,7457.32,1.0,3.97,4,2,5,11,Loyal,49+,56-65
C1798,42,54,internet,145.39,0,7851.06,2.0,8.015,4,4,5,13,Champions,49+,36-45
C1799,19,31,internet,64.99,0,2014.69,2.0,6.931,3,4,3,10,Loyal,25-48,18-25
C1800,27,50,bundle,129.59,0,6479.5,3.0,11.795,4,5,5,14,Champions,49+,26-35
C1801,47,43,tv,118.23,0,5083.89,1.0,3.784,4,2,5,11,Loyal,25-48,46-55
C1802,67,69,bundle,53.4,0,3684.6,3.0,12.745,5,5,4,14,Champions,49+,65+
C1803,62,17,tv,42.49,0,722.33,1.0,2.89,2,1,2,5,At Risk,13-24,56-65
C1804,22,21,tv,74.15,0,1557.15,1.0,3.091,2,1,2,5,At Risk,13-24,18-25
C1805,50,36,tv,119.39,0,4298.04,1.0,3.611,3,2,4,9,Loyal,25-48,46-55
C1806,18,55,mobile,144.42,1,7943.1,1.0,4.025,4,3,5,12,Champions,49+,18-25
C1807,35,58,bundle,116.9,0,6780.2,3.0,12.233,5,5,5,15,Champions,49+,26-35
C1808,49,2,tv,129.73,1,259.46,1.0,1.099,1,1,1,3,Hibernating,0-6,46-55
C1809,64,27,internet,94.43,0,2549.61,2.0,6.664,2,4,3,9,Loyal,25-48,56-65
C1810,66,34,mobile,126.96,1,4316.64,1.0,3.555,3,2,4,9,Loyal,25-48,65+
C1811,28,60,bundle,119.82,0,7189.2,3.0,12.333,5,5,5,15,Champions,49+,26-35
C1812,38,53,tv,62.78,0,3327.34,1.0,3.989,4,3,4,11,Loyal,49+,36-45
C1813,43,62,internet,87.28,0,5411.36,2.0,8.286,5,4,5,14,Champions,49+,36-45
C1814,42,6,bundle,122.67,1,736.02,3.0,5.838,1,3,2,6,Potential,0-6,36-45
C1815,39,48,bundle,16.45,0,789.6,3.0,11.675,4,5,2,11,Loyal,25-48,36-45
C1816,44,30,mobile,123.13,1,3693.9,1.0,3.434,3,2,4,9,Loyal,25-48,36-45
C1817,66,57,bundle,34.9,0,1989.3,3.0,12.181,5,5,3,13,Champions,49+,65+
C1818,30,60,mobile,82.06,0,4923.6,1.0,4.111,5,3,5,13,Champions,49+,26-35
C1819,50,23,tv,123.16,0,2832.68,1.0,3.178,2,1,3,6,Potential,13-24,46-55
C1820,51,19,mobile,45.53,0,865.07,1.0,2.996,2,1,2,5,At Risk,13-24,46-55
C1821,58,36,internet,44.41,0,1598.76,2.0,7.222,3,4,2,9,Loyal,25-48,56-65
C1822,52,3,mobile,66.39,1,199.17,1.0,1.386,1,1,1,3,Hibernating,0-6,46-55
C1823,18,19,internet,135.25,1,2569.75,2.0,5.991,2,3,3,8,Potential,13-24,18-25
C1824,38,59,mobile,10.06,0,593.54,1.0,4.094,5,3,1,9,Loyal,49+,36-45
C1825,65,23,bundle,136.19,1,3132.37,3.0,9.534,2,5,4,11,Loyal,13-24,56-65
C1826,23,49,tv,31.53,0,1544.97,1.0,3.912,4,2,2,8,Potential,49+,18-25
C1827,45,48,internet,148.61,0,7133.28,2.0,7.784,4,4,5,13,Champions,25-48,36-45
C1828,34,50,mobile,143.68,1,7184.0,1.0,3.932,4,2,5,11,Loyal,49+,26-35
C1829,22,35,mobile,79.25,0,2773.75,1.0,3.584,3,2,3,8,Potential,25-48,18-25
C1830,48,65,mobile,81.78,0,5315.7,1.0,4.19,5,3,5,13,Champions,49+,46-55
C1831,22,33,bundle,77.42,0,2554.86,3.0,10.579,3,5,3,11,Loyal,25-48,18-25
C1832,55,35,bundle,98.96,0,3463.6,3.0,10.751,3,5,4,12,Champions,25-48,46-55
C1833,20,5,internet,22.7,1,113.5,2.0,3.584,1,2,1,4,At Risk,0-6,18-25
C1834,40,38,internet,14.57,0,553.66,2.0,7.327,3,4,1,8,Potential,25-48,36-45
C1835,54,41,bundle,18.08,0,741.28,3.0,11.213,3,5,2,10,Loyal,25-48,46-55
C1836,54,57,internet,72.21,0,4115.97,2.0,8.121,5,4,4,13,Champions,49+,46-55
C1837,27,11,tv,48.58,0,534.38,1.0,2.485,1,1,1,3,Hibernating,7-12,26-35
C1838,27,2,tv,97.09,0,194.18,1.0,1.099,1,1,1,3,Hibernating,0-6,26-35
C1839,36,17,bundle,148.94,0,2531.98,3.0,8.671,2,5,3,10,Loyal,13-24,36-45
C1840,34,39,internet,64.09,0,2499.51,2.0,7.378,3,4,3,10,Loyal,25-48,26-35
C1841,38,20,mobile,90.34,0,1806.8,1.0,3.045,2,1,3,6,Potential,13-24,36-45
C1842,31,14,tv,68.18,0,954.52,1.0,2.708,2,1,2,5,At Risk,13-24,26-35
C1843,26,25,bundle,128.62,0,3215.5,3.0,9.774,2,5,4,11,Loyal,25-48,26-35
C1844,63,7,internet,136.31,1,954.17,2.0,4.159,1,3,2,6,Potential,7-12,56-65
C1845,18,41,bundle,132.83,1,5446.03,3.0,11.213,3,5,5,13,Champions,25-48,18-25
C1846,68,43,mobile,146.41,1,6295.63,1.0,3.784,4,2,5,11,Loyal,25-48,65+
C1847,62,13,tv,13.85,0,180.05,1.0,2.639,2,1,1,4,At Risk,13-24,56-65
C1848,30,1,bundle,127.57,1,127.57,3.0,2.079,1,1,1,3,Hibernating,0-6,26-35
C1849,21,36,bundle,115.25,1,4149.0,3.0,10.833,3,5,4,12,Champions,25-48,18-25
C1850,18,68,bundle,42.02,0,2857.36,3.0,12.702,5,5,3,13,Champions,49+,18-25
C1851,66,37,mobile,143.88,1,5323.56,1.0,3.638,3,2,5,10,Loyal,25-48,65+
C1852,57,40,bundle,30.74,0,1229.6,3.0,11.141,3,5,2,10,Loyal,25-48,56-65
C1853,49,61,mobile,105.14,1,6413.54,1.0,4.127,5,3,5,13,Champions,49+,46-55
C1854,51,59,mobile,41.48,0,2447.32,1.0,4.094,5,3,3,11,Loyal,49+,46-55
C1855,45,13,mobile,70.39,0,915.07,1.0,2.639,2,1,2,5,At Risk,13-24,36-45
C1856,48,1,tv,110.68,1,110.68,1.0,0.693,1,1,1,3,Hibernating,0-6,46-55
C1857,25,69,tv,88.87,0,6132.03,1.0,4.248,5,3,5,13,Champions,49+,18-25
C1858,56,16,bundle,69.85,0,1117.6,3.0,8.5,2,4,2,8,Potential,13-24,56-65
C1859,43,27,bundle,55.69,0,1503.63,3.0,9.997,2,5,2,9,Loyal,25-48,36-45
C1860,51,65,tv,127.55,0,8290.75,1.0,4.19,5,3,5,13,Champions,49+,46-55
C1861,20,34,internet,30.13,0,1024.42,2.0,7.111,3,4,2,9,Loyal,25-48,18-25
C1862,67,4,tv,70.21,1,280.84,1.0,1.609,1,1,1,3,Hibernating,0-6,65+
C1863,29,64,mobile,136.53,1,8737.92,1.0,4.174,5,3,5,13,Champions,49+,26-35
C1864,18,39,tv,128.42,1,5008.38,1.0,3.689,3,2,5,10,Loyal,25-48,18-25
C1865,61,55,mobile,66.13,0,3637.15,1.0,4.025,4,3,4,11,Loyal,49+,56-65
C1866,22,35,bundle,116.84,1,4089.4,3.0,10.751,3,5,4,12,Champions,25-48,18-25
C1867,47,44,internet,125.24,0,5510.56,2.0,7.613,4,4,5,13,Champions,25-48,46-55
C1868,47,22,bundle,134.44,0,2957.68,3.0,9.406,2,5,4,11,Loyal,13-24,46-55
C1869,34,46,mobile,86.23,0,3966.58,1.0,3.85,4,2,4,10,Loyal,25-48,26-35
C1870,65,30,mobile,38.62,0,1158.6,1.0,3.434,3,2,2,7,Potential,25-48,56-65
C1871,64,10,mobile,45.74,1,457.4,1.0,2.398,1,1,1,3,Hibernating,7-12,56-65
C1872,40,9,internet,51.4,0,462.6,2.0,4.605,1,3,1,5,At Risk,7-12,36-45
C1873,32,66,tv,93.13,0,6146.58,1.0,4.205,5,3,5,13,Champions,49+,26-35
C1874,54,13,bundle,14.59,0,189.67,3.0,7.917,2,4,1,7,Potential,13-24,46-55
C1875,38,9,bundle,99.05,0,891.45,3.0,6.908,1,4,2,7,Potential,7-12,36-45
C1876,31,0,tv,61.01,0,0.0,1.0,0.0,1,1,1,3,Hibernating,0-6,26-35
C1877,19,4,bundle,51.33,1,205.32,3.0,4.828,1,3,1,5,At Risk,0-6,18-25
C1878,28,19,internet,133.13,0,2529.47,2.0,5.991,2,3,3,8,Potential,13-24,26-35
C1879,68,7,bundle,74.4,1,520.8,3.0,6.238,1,3,1,5,At Risk,7-12,65+
C1880,56,42,mobile,23.31,0,979.02,1.0,3.761,4,2,2,8,Potential,25-48,56-65
C1881,55,0,tv,125.74,1,0.0,1.0,0.0,1,1,1,3,Hibernating,0-6,46-55
C1882,51,56,internet,16.67,0,933.52,2.0,8.086,4,4,2,10,Loyal,49+,46-55
C1883,55,63,tv,111.74,0,7039.62,1.0,4.159,5,3,5,13,Champions,49+,46-55
C1884,67,27,internet,118.35,1,3195.45,2.0,6.664,2,4,4,10,Loyal,25-48,65+
C1885,51,36,mobile,59.36,0,2136.96,1.0,3.611,3,2,3,8,Potential,25-48,46-55
C1886,35,46,tv,125.47,0,5771.62,1.0,3.85,4,2,5,11,Loyal,25-48,26-35
C1887,47,36,bundle,82.19,0,2958.84,3.0,10.833,3,5,4,12,Champions,25-48,46-55
C1888,32,48,internet,74.86,0,3593.28,2.0,7.784,4,4,4,12,Champions,25-48,26-35
C1889,44,43,tv,16.36,0,703.48,1.0,3.784,4,2,2,8,Potential,25-48,36-45
C1890,68,55,bundle,50.6,0,2783.0,3.0,12.076,4,5,3,12,Champions,49+,65+
C1891,51,27,tv,140.34,0,3789.18,1.0,3.332,2,2,4,8,Potential,25-48,46-55
C1892,69,5,tv,64.86,1,324.3,1.0,1.792,1,1,1,3,Hibernating,0-6,65+
C1893,55,60,tv,86.54,0,5192.4,1.0,4.111,5,3,5,13,Champions,49+,46-55
C1894,50,19,internet,84.48,0,1605.12,2.0,5.991,2,3,2,7,Potential,13-24,46-55
C1895,41,1,bundle,92.66,0,92.66,3.0,2.079,1,1,1,3,Hibernating,0-6,36-45
C1896,32,36,mobile,18.59,0,669.24,1.0,3.611,3,2,1,6,Potential,25-48,26-35
C1897,47,19,internet,60.7,0,1153.3,2.0,5.991,2,3,2,7,Potential,13-24,46-55
C1898,59,25,internet,111.24,0,2781.0,2.0,6.516,2,4,3,9,Loyal,25-48,56-65
C1899,68,28,internet,38.08,0,1066.24,2.0,6.735,3,4,2,9,Loyal,25-48,65+
C1900,34,0,mobile,38.5,1,0.0,1.0,0.0,1,1,1,3,Hibernating,0-6,26-35
C1901,22,34,bundle,11.41,0,387.94,3.0,10.666,3,5,1,9,Loyal,25-48,18-25
C1902,46,69,bundle,71.25,0,4916.25,3.0,12.745,5,5,5,15,Champions,49+,46-55
C1903,21,58,bundle,133.58,1,7747.64,3.0,12.233,5,5,5,15,Champions,49+,18-25
C1904,27,68,tv,17.27,0,1174.36,1.0,4.234,5,3,2,10,Loyal,49+,26-35
C1905,34,32,tv,36.76,0,1176.32,1.0,3.497,3,2,2,7,Potential,25-48,26-35
C1906,27,50,tv,53.41,0,2670.5,1.0,3.932,4,2,3,9,Loyal,49+,26-35
C1907,34,11,mobile,112.44,1,1236.84,1.0,2.485,1,1,2,4,At Risk,7-12,26-35
C1908,37,19,tv,99.69,0,1894.11,1.0,2.996,2,1,3,6,Potential,13-24,36-45
C1909,41,52,mobile,68.23,0,3547.96,1.0,3.97,4,2,4,10,Loyal,49+,36-45
C1910,22,42,bundle,116.27,1,4883.34,3.0,11.284,4,5,5,14,Champions,25-48,18-25
C1911,51,49,tv,95.35,0,4672.15,1.0,3.912,4,2,4,10,Loyal,49+,46-55
C1912,23,28,tv,135.45,1,3792.6,1.0,3.367,3,2,4,9,Loyal,25-48,18-25
C1913,19,56,internet,124.52,1,6973.12,2.0,8.086,4,4,5,13,Champions,49+,18-25
C1914,30,38,mobile,45.39,0,1724.82,1.0,3.664,3,2,3,8,Potential,25-48,26-35
C1915,60,55,bundle,48.0,0,2640.0,3.0,12.076,4,5,3,12,Champions,49+,56-65
C1916,60,42,internet,27.55,0,1157.1,2.0,7.522,4,4,2,10,Loyal,25-48,56-65
C1917,65,49,internet,57.18,0,2801.82,2.0,7.824,4,4,3,11,Loyal,49+,56-65
C1918,28,22,bundle,149.94,0,3298.68,3.0,9.406,2,5,4,11,Loyal,13-24,26-35
C1919,68,43,internet,66.81,0,2872.83,2.0,7.568,4,4,3,11,Loyal,25-48,65+
C1920,64,37,mobile,40.87,0,1512.19,1.0,3.638,3,2,2,7,Potential,25-48,56-65
C1921,40,22,mobile,116.75,1,2568.5,1.0,3.135,2,1,3,6,Potential,13-24,36-45
C1922,33,44,tv,85.95,0,3781.8,1.0,3.807,4,2,4,10,Loyal,25-48,26-35
C1923,48,51,internet,30.94,0,1577.94,2.0,7.902,4,4,2,10,Loyal,49+,46-55
C1924,28,49,tv,63.3,0,3101.7,1.0,3.912,4,2,4,10,Loyal,49+,26-35
C1925,33,7,internet,68.03,0,476.21,2.0,4.159,1,3,1,5,At Risk,7-12,26-35
C1926,25,0,mobile,115.54,1,0.0,1.0,0.0,1,1,1,3,Hibernating,0-6,18-25
C1927,21,7,mobile,12.89,1,90.23,1.0,2.079,1,1,1,3,Hibernating,7-12,18-25
C1928,57,28,mobile,47.66,0,1334.48,1.0,3.367,3,2,2,7,Potential,25-48,56-65
C1929,21,4,internet,82.46,1,329.84,2.0,3.219,1,1,1,3,Hibernating,0-6,18-25
C1930,42,46,mobile,47.64,0,2191.44,1.0,3.85,4,2,3,9,Loyal,25-48,36-45
C1931,20,33,internet,97.98,0,3233.34,2.0,7.053,3,4,4,11,Loyal,25-48,18-25
C1932,49,64,tv,77.46,0,4957.44,1.0,4.174,5,3,5,13,Champions,49+,46-55
C1933,20,54,internet,60.64,0,3274.56,2.0,8.015,4,4,4,12,Champions,49+,18-25
C1934,44,42,tv,142.89,0,6001.38,1.0,3.761,4,2,5,11,Loyal,25-48,36-45
C1935,46,29,internet,98.5,0,2856.5,2.0,6.802,3,4,3,10,Loyal,25-48,46-55
C1936,49,16,tv,28.19,0,451.04,1.0,2.833,2,1,1,4,At Risk,13-24,46-55
C1937,67,25,mobile,88.41,0,2210.25,1.0,3.258,2,1,3,6,Potential,25-48,65+
C1938,68,7,tv,119.3,1,835.1,1.0,2.079,1,1,2,4,At Risk,7-12,65+
C1939,36,46,mobile,109.19,1,5022.74,1.0,3.85,4,2,5,11,Loyal,25-48,36-45
C1940,38,71,mobile,34.09,0,2420.39,1.0,4.277,5,3,3,11,Loyal,49+,36-45
C1941,22,45,tv,146.14,1,6576.3,1.0,3.829,4,2,5,11,Loyal,25-48,18-25
C1942,35,67,internet,72.83,0,4879.61,2.0,8.439,5,4,5,14,Champions,49+,26-35
C1943,45,32,internet,32.26,0,1032.32,2.0,6.993,3,4,2,9,Loyal,25-48,36-45
C1944,59,0,bundle,35.23,0,0.0,3.0,0.0,1,1,1,3,Hibernating,0-6,56-65
C1945,39,18,internet,23.75,0,427.5,2.0,5.889,2,3,1,6,Potential,13-24,36-45
C1946,38,30,bundle,122.49,0,3674.7,3.0,10.302,3,5,4,12,Champions,25-48,36-45
C1947,23,13,internet,27.08,0,352.04,2.0,5.278,2,3,1,6,Potential,13-24,18-25
C1948,18,52,internet,27.52,0,1431.04,2.0,7.941,4,4,2,10,Loyal,49+,18-25
C1949,22,47,mobile,129.07,1,6066.29,1.0,3.871,4,2,5,11,Loyal,25-48,18-25
C1950,58,68,bundle,58.24,0,3960.32,3.0,12.702,5,5,4,14,Champions,49+,56-65
C1951,29,61,internet,14.32,0,873.52,2.0,8.254,5,4,2,11,Loyal,49+,26-35
C1952,43,65,bundle,17.27,0,1122.55,3.0,12.569,5,5,2,12,Champions,49+,36-45
C1953,63,63,mobile,29.9,0,1883.7,1.0,4.159,5,3,3,11,Loyal,49+,56-65
C1954,51,69,mobile,39.88,0,2751.72,1.0,4.248,5,3,3,11,Loyal,49+,46-55
C1955,66,62,bundle,103.12,1,6393.44,3.0,12.429,5,5,5,15,Champions,49+,65+
C1956,31,32,mobile,32.03,0,1024.96,1.0,3.497,3,2,2,7,Potential,25-48,26-35
C1957,43,40,tv,26.64,0,1065.6,1.0,3.714,3,2,2,7,Potential,25-48,36-45
C1958,62,47,tv,117.06,1,5501.82,1.0,3.871,4,2,5,11,Loyal,25-48,56-65
C1959,44,12,mobile,103.95,1,1247.4,1.0,2.565,1,1,2,4,At Risk,7-12,36-45
C1960,26,30,tv,70.95,0,2128.5,1.0,3.434,3,2,3,8,Potential,25-48,26-35
C1961,43,67,internet,86.9,0,5822.3,2.0,8.439,5,4,5,14,Champions,49+,36-45
C1962,64,3,bundle,53.68,1,161.04,3.0,4.159,1,3,1,5,At Risk,0-6,56-65
C1963,39,18,internet,77.55,0,1395.9,2.0,5.889,2,3,2,7,Potential,13-24,36-45
C1964,64,69,bundle,80.93,0,5584.17,3.0,12.745,5,5,5,15,Champions,49+,56-65
C1965,47,12,mobile,64.21,0,770.52,1.0,2.565,1,1,2,4,At Risk,7-12,46-55
C1966,60,22,internet,136.92,0,3012.24,2.0,6.271,2,3,4,9,Loyal,13-24,56-65
C1967,65,0,mobile,12.25,1,0.0,1.0,0.0,1,1,1,3,Hibernating,0-6,56-65
C1968,34,53,mobile,119.5,1,6333.5,1.0,3.989,4,3,5,12,Champions,49+,26-35
C1969,43,70,bundle,27.41,0,1918.7,3.0,12.788,5,5,3,13,Champions,49+,36-45
C1970,53,14,bundle,121.66,0,1703.24,3.0,8.124,2,4,3,9,Loyal,13-24,46-55
C1971,18,64,bundle,96.23,0,6158.72,3.0,12.523,5,5,5,15,Champions,49+,18-25
C1972,25,70,internet,128.06,0,8964.2,2.0,8.525,5,4,5,14,Champions,49+,18-25
C1973,66,14,tv,23.65,0,331.1,1.0,2.708,2,1,1,4,At Risk,13-24,65+
C1974,52,20,bundle,88.26,0,1765.2,3.0,9.134,2,5,3,10,Loyal,13-24,46-55
C1975,69,18,bundle,80.15,0,1442.7,3.0,8.833,2,5,2,9,Loyal,13-24,65+
C1976,32,59,internet,108.87,0,6423.33,2.0,8.189,5,4,5,14,Champions,49+,26-35
C1977,64,32,bundle,84.8,0,2713.6,3.0,10.49,3,5,3,11,Loyal,25-48,56-65
C1978,39,48,internet,85.7,0,4113.6,2.0,7.784,4,4,4,12,Champions,25-48,36-45
C1979,31,34,mobile,70.14,0,2384.76,1.0,3.555,3,2,3,8,Potential,25-48,26-35
C1980,43,43,bundle,53.24,0,2289.32,3.0,11.353,4,5,3,12,Champions,25-48,36-45
C1981,45,10,bundle,77.52,0,775.2,3.0,7.194,1,4,2,7,Potential,7-12,36-45
C1982,40,71,mobile,26.59,0,1887.89,1.0,4.277,5,3,3,11,Loyal,49+,36-45
C1983,31,65,mobile,144.61,1,9399.65,1.0,4.19,5,3,5,13,Champions,49+,26-35
C1984,41,45,mobile,110.02,1,4950.9,1.0,3.829,4,2,5,11,Loyal,25-48,36-45
C1985,19,8,bundle,143.35,1,1146.8,3.0,6.592,1,4,2,7,Potential,7-12,18-25
C1986,62,2,tv,41.74,1,83.48,1.0,1.099,1,1,1,3,Hibernating,0-6,56-65
C1987,43,25,tv,133.11,0,3327.75,1.0,3.258,2,1,4,7,Potential,25-48,36-45
C1988,31,71,tv,123.23,0,8749.33,1.0,4.277,5,3,5,13,Champions,49+,26-35
C1989,68,47,bundle,104.8,1,4925.6,3.0,11.614,4,5,5,14,Champions,25-48,65+
C1990,24,65,mobile,97.5,0,6337.5,1.0,4.19,5,3,5,13,Champions,49+,18-25
C1991,20,69,bundle,54.32,0,3748.08,3.0,12.745,5,5,4,14,Champions,49+,18-25
C1992,64,27,mobile,124.3,1,3356.1,1.0,3.332,2,2,4,8,Potential,25-48,56-65
C1993,40,25,bundle,80.21,0,2005.25,3.0,9.774,2,5,3,10,Loyal,25-48,36-45
C1994,63,24,bundle,19.92,0,478.08,3.0,9.657,2,5,1,8,Potential,13-24,56-65
C1995,60,11,mobile,53.8,1,591.8,1.0,2.485,1,1,1,3,Hibernating,7-12,56-65
C1996,64,4,tv,140.94,1,563.76,1.0,1.609,1,1,1,3,Hibernating,0-6,56-65
C1997,62,47,mobile,129.1,1,6067.7,1.0,3.871,4,2,5,11,Loyal,25-48,56-65
C1998,35,36,internet,147.47,0,5308.92,2.0,7.222,3,4,5,12,Champions,25-48,26-35
C1999,55,43,internet,97.92,0,4210.56,2.0,7.568,4,4,4,12,Champions,25-48,46-55
